	a1	a10	a100	a101	a102	a103	a104	a105	a106	a107	a108	a109	a11	a110	a111	a112	a113	a114	a115	a116	a117	a118	a119	a12	a120	a13	a14	a15	a16	a17	a18	a19	a2	a20	a21	a22	a23	a24	a25	a26	a27	a28	a29	a3	a30	a31	a32	a33	a34	a35	a36	a37	a38	a39	a4	a40	a41	a42	a43	a44	a45	a46	a47	a48	a49	a5	a50	a51	a52	a53	a54	a55	a56	a57	a58	a59	a6	a60	a61	a62	a63	a64	a65	a66	a67	a68	a69	a7	a70	a71	a72	a73	a74	a75	a76	a77	a78	a79	a8	a80	a81	a82	a83	a84	a85	a86	a87	a88	a89	a9	a90	a91	a92	a93	a94	a95	a96	a97	a98	a99
a1	0.0	0.82	0.724	0.888	0.828	0.86	0.88	0.86	0.888	0.872	0.844	0.836	0.804	0.652	0.82	0.836	0.888	0.852	0.84	0.876	0.856	0.892	0.82	0.704	0.864	0.848	0.596	0.448	0.808	0.896	0.712	0.58	0.572	0.616	0.72	0.596	0.876	0.644	0.84	0.516	0.684	0.756	0.776	0.472	0.584	0.86	0.604	0.78	0.54	0.78	0.672	0.868	0.764	0.712	0.468	0.808	0.856	0.824	0.692	0.772	0.828	0.696	0.824	0.828	0.848	0.62	0.672	0.772	0.828	0.86	0.868	0.852	0.868	0.82	0.836	0.872	0.46	0.832	0.8	0.5	0.836	0.764	0.884	0.7	0.84	0.784	0.756	0.52	0.808	0.68	0.84	0.824	0.676	0.652	0.824	0.912	0.86	0.756	0.644	0.86	0.852	0.864	0.868	0.848	0.892	0.816	0.836	0.784	0.908	0.792	0.872	0.864	0.788	0.776	0.856	0.816	0.636	0.824	0.592	0.832
a10	0.82	0.0	0.772	0.832	0.78	0.832	0.844	0.796	0.816	0.804	0.788	0.808	0.752	0.756	0.768	0.784	0.812	0.812	0.816	0.788	0.772	0.812	0.78	0.74	0.8	0.792	0.796	0.852	0.732	0.828	0.74	0.848	0.816	0.82	0.792	0.78	0.808	0.844	0.76	0.788	0.78	0.808	0.828	0.9	0.808	0.8	0.824	0.784	0.816	0.82	0.76	0.788	0.76	0.76	0.836	0.756	0.812	0.744	0.76	0.78	0.732	0.772	0.756	0.808	0.784	0.756	0.764	0.784	0.764	0.78	0.796	0.784	0.8	0.84	0.816	0.784	0.844	0.788	0.792	0.8	0.792	0.784	0.824	0.812	0.808	0.784	0.796	0.788	0.696	0.804	0.764	0.8	0.784	0.796	0.764	0.828	0.784	0.768	0.776	0.796	0.8	0.8	0.808	0.832	0.852	0.776	0.804	0.748	0.812	0.752	0.748	0.784	0.756	0.8	0.8	0.784	0.812	0.764	0.808	0.776
a100	0.724	0.772	0.0	0.808	0.704	0.708	0.848	0.732	0.8	0.744	0.752	0.668	0.704	0.612	0.72	0.7	0.756	0.704	0.74	0.772	0.768	0.808	0.78	0.588	0.764	0.684	0.636	0.692	0.748	0.732	0.612	0.676	0.668	0.652	0.568	0.648	0.692	0.644	0.768	0.624	0.616	0.636	0.692	0.74	0.644	0.716	0.64	0.688	0.62	0.712	0.616	0.688	0.632	0.596	0.676	0.724	0.7	0.716	0.628	0.636	0.656	0.624	0.716	0.704	0.708	0.628	0.604	0.648	0.668	0.72	0.776	0.728	0.784	0.756	0.808	0.768	0.688	0.648	0.7	0.652	0.752	0.68	0.724	0.628	0.688	0.624	0.604	0.68	0.74	0.652	0.692	0.688	0.652	0.628	0.66	0.864	0.78	0.676	0.628	0.712	0.736	0.752	0.8	0.748	0.84	0.712	0.744	0.688	0.86	0.676	0.732	0.704	0.608	0.664	0.68	0.728	0.648	0.66	0.636	0.672
a101	0.888	0.832	0.808	0.0	0.844	0.804	0.856	0.824	0.78	0.784	0.82	0.816	0.82	0.856	0.796	0.836	0.844	0.872	0.848	0.796	0.796	0.8	0.792	0.856	0.82	0.816	0.908	0.932	0.836	0.876	0.852	0.896	0.904	0.896	0.864	0.9	0.848	0.904	0.876	0.92	0.84	0.924	0.928	0.98	0.896	0.78	0.912	0.876	0.876	0.876	0.828	0.756	0.852	0.792	0.912	0.8	0.784	0.764	0.816	0.82	0.828	0.848	0.796	0.796	0.848	0.844	0.808	0.836	0.784	0.82	0.824	0.804	0.816	0.864	0.848	0.804	0.896	0.752	0.812	0.88	0.788	0.8	0.816	0.828	0.792	0.832	0.876	0.868	0.712	0.82	0.748	0.808	0.856	0.816	0.772	0.84	0.836	0.848	0.86	0.748	0.868	0.832	0.844	0.828	0.864	0.808	0.84	0.796	0.848	0.848	0.768	0.808	0.8	0.78	0.76	0.744	0.8	0.784	0.916	0.812
a102	0.828	0.78	0.704	0.844	0.0	0.688	0.78	0.744	0.82	0.716	0.652	0.664	0.668	0.72	0.788	0.708	0.656	0.716	0.776	0.784	0.788	0.824	0.784	0.68	0.74	0.684	0.696	0.776	0.736	0.716	0.724	0.692	0.764	0.76	0.684	0.7	0.652	0.744	0.832	0.716	0.704	0.676	0.708	0.868	0.724	0.676	0.712	0.752	0.728	0.716	0.7	0.732	0.748	0.708	0.74	0.752	0.736	0.74	0.692	0.708	0.724	0.7	0.664	0.664	0.668	0.7	0.732	0.684	0.688	0.692	0.72	0.676	0.816	0.756	0.776	0.748	0.776	0.72	0.716	0.724	0.784	0.716	0.764	0.72	0.692	0.756	0.676	0.772	0.8	0.752	0.692	0.64	0.76	0.732	0.644	0.84	0.756	0.716	0.74	0.708	0.74	0.728	0.744	0.784	0.816	0.716	0.748	0.708	0.848	0.648	0.732	0.728	0.688	0.724	0.744	0.74	0.792	0.744	0.72	0.72
a103	0.86	0.832	0.708	0.804	0.688	0.0	0.808	0.792	0.796	0.704	0.684	0.648	0.708	0.68	0.76	0.716	0.712	0.704	0.76	0.752	0.764	0.772	0.812	0.716	0.792	0.68	0.744	0.78	0.796	0.72	0.78	0.772	0.784	0.772	0.732	0.736	0.672	0.772	0.856	0.776	0.768	0.748	0.772	0.888	0.768	0.66	0.764	0.776	0.788	0.768	0.684	0.724	0.74	0.708	0.816	0.764	0.716	0.728	0.716	0.716	0.72	0.708	0.684	0.68	0.708	0.74	0.76	0.676	0.696	0.72	0.78	0.74	0.8	0.772	0.784	0.756	0.82	0.716	0.684	0.74	0.776	0.7	0.776	0.704	0.72	0.736	0.716	0.804	0.764	0.744	0.684	0.656	0.768	0.752	0.696	0.824	0.776	0.764	0.748	0.74	0.748	0.736	0.752	0.768	0.82	0.732	0.78	0.716	0.828	0.692	0.724	0.668	0.668	0.716	0.704	0.732	0.768	0.668	0.756	0.704
a104	0.88	0.844	0.848	0.856	0.78	0.808	0.0	0.828	0.716	0.792	0.796	0.788	0.844	0.812	0.788	0.792	0.8	0.82	0.856	0.84	0.824	0.828	0.828	0.836	0.832	0.84	0.856	0.892	0.84	0.864	0.848	0.876	0.876	0.82	0.864	0.848	0.836	0.868	0.848	0.86	0.844	0.86	0.86	0.944	0.856	0.784	0.884	0.8	0.844	0.872	0.852	0.788	0.824	0.828	0.888	0.828	0.82	0.788	0.792	0.844	0.84	0.856	0.788	0.832	0.832	0.848	0.824	0.792	0.764	0.82	0.804	0.748	0.852	0.864	0.848	0.804	0.88	0.808	0.804	0.852	0.788	0.844	0.788	0.856	0.868	0.812	0.856	0.88	0.772	0.832	0.8	0.828	0.824	0.828	0.836	0.78	0.752	0.824	0.84	0.824	0.788	0.804	0.82	0.848	0.8	0.8	0.804	0.812	0.808	0.852	0.804	0.792	0.78	0.788	0.848	0.792	0.864	0.824	0.86	0.78
a105	0.86	0.796	0.732	0.824	0.744	0.792	0.828	0.0	0.824	0.696	0.768	0.764	0.728	0.8	0.748	0.672	0.772	0.796	0.624	0.704	0.716	0.708	0.736	0.748	0.696	0.8	0.784	0.892	0.788	0.872	0.816	0.82	0.8	0.832	0.776	0.796	0.78	0.86	0.82	0.792	0.768	0.824	0.804	0.92	0.8	0.736	0.8	0.864	0.812	0.76	0.82	0.8	0.736	0.704	0.828	0.788	0.772	0.692	0.764	0.792	0.74	0.78	0.78	0.776	0.812	0.752	0.74	0.764	0.724	0.644	0.832	0.744	0.732	0.696	0.804	0.696	0.86	0.664	0.796	0.812	0.772	0.788	0.672	0.84	0.708	0.7	0.672	0.82	0.8	0.832	0.688	0.76	0.772	0.76	0.768	0.876	0.796	0.804	0.752	0.736	0.784	0.736	0.8	0.648	0.876	0.74	0.676	0.668	0.852	0.788	0.7	0.78	0.776	0.852	0.736	0.748	0.808	0.724	0.748	0.756
a106	0.888	0.816	0.8	0.78	0.82	0.796	0.716	0.824	0.0	0.764	0.8	0.8	0.84	0.82	0.788	0.804	0.836	0.824	0.848	0.804	0.812	0.82	0.832	0.828	0.812	0.828	0.864	0.908	0.84	0.86	0.832	0.908	0.852	0.84	0.844	0.864	0.844	0.888	0.772	0.856	0.84	0.888	0.864	0.932	0.88	0.796	0.884	0.792	0.832	0.888	0.828	0.784	0.824	0.836	0.912	0.816	0.784	0.764	0.756	0.8	0.816	0.856	0.82	0.852	0.808	0.848	0.808	0.804	0.792	0.836	0.828	0.78	0.824	0.852	0.836	0.772	0.888	0.78	0.792	0.86	0.736	0.816	0.808	0.82	0.836	0.804	0.868	0.896	0.768	0.824	0.796	0.764	0.832	0.816	0.812	0.776	0.724	0.82	0.836	0.816	0.792	0.78	0.808	0.776	0.752	0.788	0.804	0.816	0.768	0.848	0.776	0.788	0.772	0.804	0.836	0.784	0.868	0.812	0.872	0.792
a107	0.872	0.804	0.744	0.784	0.716	0.704	0.792	0.696	0.764	0.0	0.72	0.7	0.704	0.76	0.72	0.696	0.72	0.784	0.732	0.692	0.716	0.732	0.712	0.72	0.76	0.72	0.76	0.876	0.76	0.804	0.76	0.824	0.812	0.8	0.792	0.804	0.728	0.836	0.824	0.816	0.744	0.816	0.824	0.904	0.768	0.692	0.816	0.824	0.784	0.792	0.792	0.708	0.736	0.672	0.816	0.752	0.748	0.656	0.724	0.744	0.708	0.748	0.716	0.772	0.748	0.756	0.74	0.72	0.672	0.672	0.736	0.716	0.8	0.756	0.788	0.736	0.804	0.692	0.712	0.764	0.74	0.664	0.676	0.764	0.692	0.704	0.76	0.832	0.776	0.788	0.672	0.688	0.784	0.76	0.724	0.86	0.792	0.772	0.768	0.748	0.74	0.672	0.708	0.664	0.868	0.732	0.712	0.608	0.816	0.748	0.72	0.704	0.716	0.764	0.708	0.716	0.78	0.712	0.772	0.732
a108	0.844	0.788	0.752	0.82	0.652	0.684	0.796	0.768	0.8	0.72	0.0	0.644	0.704	0.684	0.764	0.728	0.724	0.752	0.768	0.8	0.784	0.816	0.8	0.696	0.768	0.648	0.736	0.748	0.756	0.708	0.728	0.756	0.76	0.732	0.736	0.724	0.66	0.784	0.844	0.776	0.756	0.688	0.756	0.864	0.756	0.636	0.732	0.76	0.744	0.752	0.684	0.724	0.712	0.736	0.768	0.772	0.696	0.752	0.692	0.692	0.696	0.74	0.7	0.704	0.644	0.744	0.744	0.692	0.672	0.652	0.696	0.696	0.836	0.788	0.804	0.82	0.816	0.72	0.712	0.748	0.804	0.712	0.772	0.736	0.708	0.74	0.704	0.816	0.76	0.744	0.688	0.656	0.78	0.744	0.672	0.844	0.74	0.712	0.756	0.748	0.764	0.672	0.764	0.824	0.828	0.732	0.796	0.676	0.844	0.712	0.776	0.7	0.688	0.704	0.744	0.752	0.78	0.72	0.748	0.732
a109	0.836	0.808	0.668	0.816	0.664	0.648	0.788	0.764	0.8	0.7	0.644	0.0	0.692	0.68	0.744	0.696	0.648	0.688	0.748	0.768	0.776	0.828	0.836	0.696	0.76	0.668	0.72	0.756	0.764	0.696	0.724	0.752	0.756	0.748	0.664	0.728	0.664	0.772	0.804	0.74	0.732	0.692	0.74	0.856	0.724	0.652	0.704	0.776	0.728	0.732	0.68	0.7	0.736	0.668	0.756	0.748	0.688	0.724	0.732	0.68	0.672	0.696	0.692	0.672	0.66	0.712	0.704	0.628	0.62	0.68	0.728	0.72	0.796	0.748	0.796	0.784	0.804	0.668	0.688	0.752	0.756	0.724	0.74	0.724	0.648	0.716	0.684	0.788	0.748	0.744	0.684	0.624	0.764	0.72	0.648	0.82	0.764	0.756	0.744	0.7	0.716	0.736	0.736	0.74	0.852	0.672	0.74	0.716	0.836	0.712	0.756	0.688	0.648	0.728	0.748	0.728	0.784	0.676	0.744	0.704
a11	0.804	0.752	0.704	0.82	0.668	0.708	0.844	0.728	0.84	0.704	0.704	0.692	0.0	0.704	0.72	0.712	0.732	0.728	0.732	0.784	0.804	0.836	0.776	0.672	0.756	0.7	0.716	0.76	0.748	0.716	0.684	0.704	0.708	0.74	0.688	0.68	0.696	0.736	0.808	0.696	0.664	0.684	0.704	0.848	0.704	0.704	0.732	0.772	0.728	0.708	0.648	0.692	0.712	0.728	0.72	0.744	0.716	0.716	0.716	0.724	0.684	0.684	0.672	0.636	0.732	0.676	0.708	0.692	0.712	0.66	0.756	0.752	0.82	0.692	0.784	0.792	0.764	0.708	0.74	0.728	0.776	0.72	0.744	0.7	0.656	0.724	0.664	0.752	0.768	0.764	0.684	0.652	0.764	0.728	0.64	0.864	0.796	0.744	0.744	0.736	0.74	0.744	0.788	0.76	0.868	0.748	0.724	0.672	0.868	0.652	0.752	0.708	0.668	0.704	0.72	0.76	0.764	0.712	0.712	0.7
a110	0.652	0.756	0.612	0.856	0.72	0.68	0.812	0.8	0.82	0.76	0.684	0.68	0.704	0.0	0.72	0.712	0.728	0.748	0.776	0.784	0.812	0.824	0.776	0.584	0.8	0.732	0.592	0.596	0.756	0.732	0.608	0.592	0.608	0.588	0.604	0.576	0.7	0.612	0.8	0.612	0.68	0.664	0.688	0.708	0.6	0.688	0.56	0.716	0.588	0.788	0.552	0.74	0.64	0.616	0.616	0.78	0.692	0.768	0.584	0.656	0.668	0.564	0.7	0.736	0.684	0.604	0.528	0.636	0.704	0.68	0.744	0.736	0.828	0.792	0.808	0.796	0.672	0.724	0.624	0.576	0.792	0.68	0.76	0.588	0.764	0.624	0.648	0.648	0.712	0.58	0.704	0.668	0.588	0.592	0.66	0.84	0.776	0.656	0.576	0.772	0.772	0.74	0.772	0.808	0.872	0.704	0.768	0.724	0.856	0.704	0.76	0.736	0.636	0.672	0.732	0.752	0.616	0.664	0.564	0.688
a111	0.82	0.768	0.72	0.796	0.788	0.76	0.788	0.748	0.788	0.72	0.764	0.744	0.72	0.72	0.0	0.724	0.732	0.748	0.704	0.712	0.748	0.756	0.756	0.748	0.748	0.8	0.768	0.856	0.796	0.808	0.724	0.812	0.812	0.784	0.756	0.768	0.796	0.812	0.772	0.804	0.752	0.816	0.84	0.908	0.784	0.776	0.836	0.776	0.776	0.848	0.764	0.712	0.664	0.72	0.808	0.748	0.748	0.716	0.724	0.728	0.74	0.736	0.748	0.784	0.832	0.736	0.72	0.732	0.692	0.72	0.812	0.764	0.744	0.788	0.788	0.764	0.852	0.708	0.692	0.788	0.74	0.732	0.732	0.76	0.792	0.66	0.76	0.764	0.732	0.768	0.74	0.752	0.772	0.74	0.728	0.844	0.784	0.792	0.696	0.74	0.78	0.74	0.752	0.708	0.856	0.728	0.728	0.7	0.832	0.772	0.736	0.748	0.696	0.756	0.78	0.792	0.748	0.704	0.792	0.712
a112	0.836	0.784	0.7	0.836	0.708	0.716	0.792	0.672	0.804	0.696	0.728	0.696	0.712	0.712	0.724	0.0	0.668	0.74	0.672	0.748	0.736	0.752	0.76	0.696	0.74	0.704	0.732	0.812	0.732	0.764	0.748	0.776	0.78	0.768	0.688	0.744	0.688	0.824	0.804	0.768	0.764	0.76	0.78	0.892	0.736	0.7	0.76	0.78	0.764	0.744	0.724	0.724	0.732	0.712	0.788	0.76	0.744	0.684	0.712	0.724	0.696	0.768	0.704	0.696	0.74	0.736	0.724	0.68	0.66	0.652	0.772	0.676	0.776	0.752	0.808	0.752	0.796	0.676	0.728	0.76	0.776	0.704	0.692	0.784	0.728	0.712	0.7	0.784	0.792	0.732	0.684	0.696	0.752	0.692	0.68	0.88	0.752	0.74	0.732	0.732	0.728	0.696	0.724	0.728	0.816	0.64	0.7	0.668	0.84	0.74	0.696	0.696	0.712	0.776	0.708	0.72	0.768	0.648	0.744	0.736
a113	0.888	0.812	0.756	0.844	0.656	0.712	0.8	0.772	0.836	0.72	0.724	0.648	0.732	0.728	0.732	0.668	0.0	0.756	0.756	0.804	0.804	0.8	0.824	0.708	0.748	0.688	0.692	0.8	0.796	0.764	0.752	0.728	0.748	0.792	0.716	0.736	0.616	0.776	0.828	0.764	0.768	0.728	0.744	0.892	0.712	0.7	0.716	0.808	0.756	0.76	0.724	0.74	0.724	0.724	0.764	0.824	0.736	0.752	0.744	0.772	0.752	0.776	0.692	0.712	0.704	0.776	0.764	0.736	0.696	0.636	0.744	0.692	0.844	0.788	0.82	0.82	0.804	0.716	0.776	0.748	0.796	0.748	0.756	0.78	0.72	0.7	0.764	0.796	0.788	0.772	0.7	0.664	0.808	0.752	0.664	0.856	0.78	0.74	0.72	0.744	0.748	0.68	0.772	0.772	0.844	0.704	0.744	0.696	0.88	0.716	0.704	0.728	0.656	0.788	0.764	0.78	0.836	0.704	0.72	0.712
a114	0.852	0.812	0.704	0.872	0.716	0.704	0.82	0.796	0.824	0.784	0.752	0.688	0.728	0.748	0.748	0.74	0.756	0.0	0.764	0.8	0.82	0.84	0.856	0.712	0.788	0.744	0.74	0.78	0.808	0.736	0.74	0.784	0.792	0.748	0.708	0.744	0.712	0.728	0.792	0.752	0.716	0.72	0.74	0.848	0.76	0.708	0.756	0.752	0.752	0.736	0.744	0.744	0.74	0.744	0.768	0.768	0.756	0.772	0.76	0.712	0.752	0.74	0.704	0.756	0.732	0.732	0.772	0.716	0.732	0.748	0.768	0.736	0.792	0.796	0.8	0.804	0.808	0.756	0.728	0.792	0.804	0.76	0.764	0.756	0.764	0.74	0.756	0.816	0.816	0.728	0.76	0.696	0.764	0.756	0.736	0.84	0.768	0.764	0.756	0.8	0.724	0.748	0.788	0.804	0.876	0.748	0.796	0.72	0.792	0.724	0.768	0.732	0.704	0.732	0.752	0.808	0.8	0.744	0.772	0.724
a115	0.84	0.816	0.74	0.848	0.776	0.76	0.856	0.624	0.848	0.732	0.768	0.748	0.732	0.776	0.704	0.672	0.756	0.764	0.0	0.776	0.74	0.768	0.752	0.756	0.72	0.776	0.82	0.896	0.788	0.852	0.768	0.808	0.812	0.796	0.724	0.732	0.756	0.86	0.808	0.776	0.776	0.796	0.796	0.916	0.748	0.76	0.824	0.86	0.828	0.724	0.792	0.752	0.732	0.728	0.796	0.788	0.788	0.728	0.784	0.808	0.784	0.768	0.772	0.768	0.828	0.796	0.792	0.744	0.768	0.664	0.816	0.768	0.804	0.684	0.752	0.756	0.848	0.656	0.8	0.792	0.82	0.812	0.704	0.824	0.764	0.724	0.696	0.812	0.788	0.812	0.716	0.772	0.792	0.744	0.756	0.888	0.8	0.776	0.76	0.772	0.816	0.748	0.808	0.608	0.872	0.756	0.628	0.708	0.836	0.788	0.728	0.792	0.744	0.856	0.748	0.752	0.804	0.732	0.808	0.768
a116	0.876	0.788	0.772	0.796	0.784	0.752	0.84	0.704	0.804	0.692	0.8	0.768	0.784	0.784	0.712	0.748	0.804	0.8	0.776	0.0	0.628	0.62	0.664	0.8	0.744	0.836	0.844	0.928	0.792	0.844	0.808	0.876	0.848	0.832	0.8	0.828	0.8	0.896	0.804	0.84	0.804	0.876	0.892	0.952	0.844	0.796	0.892	0.836	0.844	0.816	0.84	0.772	0.708	0.68	0.876	0.776	0.8	0.648	0.752	0.824	0.752	0.848	0.788	0.832	0.84	0.808	0.8	0.796	0.724	0.752	0.816	0.732	0.7	0.792	0.84	0.636	0.904	0.652	0.776	0.824	0.764	0.736	0.684	0.852	0.772	0.712	0.776	0.84	0.78	0.828	0.74	0.772	0.812	0.796	0.808	0.84	0.824	0.82	0.768	0.772	0.832	0.744	0.776	0.7	0.848	0.764	0.68	0.656	0.78	0.824	0.736	0.724	0.768	0.848	0.756	0.752	0.828	0.732	0.836	0.764
a117	0.856	0.772	0.768	0.796	0.788	0.764	0.824	0.716	0.812	0.716	0.784	0.776	0.804	0.812	0.748	0.736	0.804	0.82	0.74	0.628	0.0	0.608	0.672	0.768	0.736	0.792	0.836	0.908	0.804	0.868	0.796	0.852	0.864	0.832	0.788	0.844	0.764	0.904	0.816	0.868	0.776	0.868	0.872	0.948	0.82	0.78	0.88	0.86	0.856	0.852	0.828	0.748	0.736	0.692	0.864	0.784	0.772	0.688	0.768	0.804	0.744	0.836	0.776	0.824	0.82	0.788	0.78	0.784	0.72	0.728	0.828	0.764	0.684	0.788	0.82	0.676	0.896	0.632	0.792	0.792	0.784	0.776	0.72	0.848	0.776	0.716	0.78	0.832	0.792	0.812	0.736	0.748	0.784	0.772	0.784	0.888	0.824	0.82	0.776	0.764	0.776	0.72	0.812	0.712	0.82	0.712	0.676	0.66	0.808	0.812	0.68	0.736	0.736	0.804	0.748	0.72	0.832	0.744	0.832	0.76
a118	0.892	0.812	0.808	0.8	0.824	0.772	0.828	0.708	0.82	0.732	0.816	0.828	0.836	0.824	0.756	0.752	0.8	0.84	0.768	0.62	0.608	0.0	0.696	0.8	0.788	0.864	0.884	0.948	0.828	0.904	0.852	0.908	0.868	0.872	0.836	0.864	0.812	0.9	0.828	0.888	0.828	0.908	0.904	0.976	0.868	0.82	0.9	0.896	0.876	0.868	0.872	0.792	0.772	0.74	0.896	0.808	0.792	0.668	0.8	0.828	0.792	0.844	0.808	0.848	0.864	0.84	0.816	0.812	0.744	0.752	0.852	0.788	0.728	0.796	0.828	0.684	0.908	0.688	0.828	0.84	0.8	0.76	0.732	0.856	0.812	0.764	0.804	0.88	0.812	0.86	0.756	0.756	0.808	0.8	0.824	0.872	0.856	0.844	0.792	0.804	0.86	0.752	0.824	0.696	0.856	0.772	0.708	0.696	0.828	0.852	0.752	0.784	0.824	0.876	0.756	0.784	0.844	0.76	0.868	0.776
a119	0.82	0.78	0.78	0.792	0.784	0.812	0.828	0.736	0.832	0.712	0.8	0.836	0.776	0.776	0.756	0.76	0.824	0.856	0.752	0.664	0.672	0.696	0.0	0.768	0.756	0.816	0.824	0.912	0.764	0.896	0.832	0.876	0.84	0.828	0.8	0.824	0.816	0.876	0.812	0.824	0.796	0.864	0.844	0.936	0.8	0.768	0.844	0.844	0.836	0.844	0.816	0.788	0.728	0.676	0.844	0.812	0.78	0.644	0.764	0.776	0.784	0.776	0.796	0.828	0.844	0.784	0.752	0.768	0.744	0.748	0.832	0.764	0.752	0.812	0.832	0.716	0.86	0.712	0.736	0.792	0.748	0.728	0.736	0.792	0.804	0.712	0.78	0.832	0.752	0.796	0.76	0.768	0.796	0.78	0.776	0.892	0.844	0.804	0.764	0.748	0.872	0.796	0.816	0.692	0.876	0.76	0.74	0.612	0.828	0.8	0.78	0.736	0.76	0.8	0.764	0.772	0.788	0.764	0.824	0.768
a12	0.704	0.74	0.588	0.856	0.68	0.716	0.836	0.748	0.828	0.72	0.696	0.696	0.672	0.584	0.748	0.696	0.708	0.712	0.756	0.8	0.768	0.8	0.768	0.0	0.784	0.672	0.576	0.6	0.716	0.716	0.584	0.592	0.576	0.6	0.584	0.572	0.664	0.6	0.78	0.548	0.608	0.64	0.644	0.692	0.552	0.688	0.568	0.688	0.6	0.776	0.54	0.728	0.636	0.592	0.58	0.756	0.7	0.764	0.548	0.676	0.68	0.58	0.692	0.704	0.716	0.572	0.56	0.628	0.68	0.696	0.736	0.7	0.816	0.768	0.804	0.792	0.608	0.728	0.712	0.592	0.776	0.66	0.724	0.56	0.696	0.628	0.62	0.624	0.74	0.604	0.668	0.632	0.596	0.572	0.672	0.884	0.776	0.636	0.58	0.768	0.736	0.712	0.78	0.776	0.864	0.684	0.768	0.656	0.832	0.688	0.708	0.724	0.604	0.68	0.716	0.76	0.624	0.672	0.548	0.688
a120	0.864	0.8	0.764	0.82	0.74	0.792	0.832	0.696	0.812	0.76	0.768	0.76	0.756	0.8	0.748	0.74	0.748	0.788	0.72	0.744	0.736	0.788	0.756	0.784	0.0	0.816	0.796	0.9	0.796	0.848	0.804	0.856	0.816	0.844	0.776	0.824	0.792	0.872	0.808	0.832	0.82	0.844	0.852	0.944	0.832	0.78	0.86	0.856	0.82	0.792	0.824	0.736	0.724	0.736	0.816	0.784	0.752	0.704	0.74	0.824	0.752	0.832	0.748	0.82	0.816	0.752	0.788	0.792	0.716	0.732	0.792	0.732	0.792	0.752	0.756	0.764	0.864	0.692	0.812	0.792	0.784	0.744	0.732	0.82	0.748	0.744	0.74	0.832	0.776	0.812	0.712	0.772	0.824	0.768	0.796	0.856	0.816	0.812	0.788	0.756	0.792	0.744	0.776	0.684	0.852	0.744	0.696	0.7	0.844	0.784	0.72	0.772	0.752	0.828	0.752	0.752	0.828	0.76	0.78	0.788
a13	0.848	0.792	0.684	0.816	0.684	0.68	0.84	0.8	0.828	0.72	0.648	0.668	0.7	0.732	0.8	0.704	0.688	0.744	0.776	0.836	0.792	0.864	0.816	0.672	0.816	0.0	0.748	0.764	0.744	0.72	0.708	0.76	0.748	0.752	0.668	0.732	0.648	0.772	0.852	0.756	0.752	0.7	0.72	0.84	0.736	0.648	0.74	0.784	0.728	0.688	0.68	0.752	0.744	0.736	0.744	0.796	0.708	0.76	0.716	0.704	0.696	0.744	0.752	0.684	0.672	0.736	0.74	0.704	0.72	0.688	0.776	0.748	0.856	0.768	0.832	0.824	0.776	0.72	0.732	0.76	0.804	0.724	0.756	0.716	0.676	0.732	0.656	0.8	0.784	0.744	0.688	0.676	0.776	0.724	0.68	0.876	0.788	0.772	0.744	0.776	0.752	0.716	0.784	0.824	0.848	0.716	0.788	0.724	0.856	0.716	0.728	0.72	0.728	0.744	0.72	0.728	0.772	0.712	0.764	0.74
a14	0.596	0.796	0.636	0.908	0.696	0.744	0.856	0.784	0.864	0.76	0.736	0.72	0.716	0.592	0.768	0.732	0.692	0.74	0.82	0.844	0.836	0.884	0.824	0.576	0.796	0.748	0.0	0.544	0.76	0.728	0.644	0.508	0.512	0.516	0.616	0.5	0.664	0.508	0.82	0.48	0.632	0.616	0.636	0.612	0.5	0.724	0.472	0.732	0.512	0.732	0.548	0.768	0.68	0.636	0.516	0.8	0.736	0.82	0.64	0.728	0.732	0.596	0.736	0.756	0.744	0.564	0.612	0.696	0.728	0.74	0.772	0.76	0.84	0.776	0.856	0.844	0.556	0.764	0.724	0.54	0.808	0.704	0.764	0.588	0.744	0.684	0.664	0.548	0.812	0.608	0.768	0.708	0.6	0.592	0.704	0.892	0.808	0.672	0.576	0.82	0.772	0.74	0.8	0.82	0.896	0.788	0.808	0.716	0.884	0.652	0.808	0.736	0.644	0.692	0.8	0.8	0.592	0.768	0.496	0.728
a15	0.448	0.852	0.692	0.932	0.776	0.78	0.892	0.892	0.908	0.876	0.748	0.756	0.76	0.596	0.856	0.812	0.8	0.78	0.896	0.928	0.908	0.948	0.912	0.6	0.9	0.764	0.544	0.0	0.796	0.752	0.664	0.504	0.512	0.56	0.652	0.536	0.74	0.552	0.86	0.468	0.708	0.64	0.676	0.4	0.524	0.736	0.504	0.756	0.468	0.804	0.56	0.84	0.736	0.696	0.436	0.86	0.78	0.9	0.632	0.72	0.776	0.616	0.772	0.764	0.732	0.632	0.628	0.712	0.8	0.808	0.808	0.824	0.924	0.86	0.888	0.928	0.416	0.848	0.752	0.472	0.86	0.764	0.868	0.624	0.832	0.756	0.712	0.528	0.848	0.632	0.832	0.784	0.656	0.636	0.744	0.896	0.836	0.704	0.652	0.888	0.808	0.808	0.892	0.9	0.908	0.82	0.884	0.824	0.936	0.74	0.868	0.816	0.716	0.712	0.876	0.872	0.624	0.792	0.504	0.768
a16	0.808	0.732	0.748	0.836	0.736	0.796	0.84	0.788	0.84	0.76	0.756	0.764	0.748	0.756	0.796	0.732	0.796	0.808	0.788	0.792	0.804	0.828	0.764	0.716	0.796	0.744	0.76	0.796	0.0	0.832	0.732	0.784	0.792	0.76	0.74	0.772	0.772	0.796	0.804	0.756	0.764	0.788	0.748	0.852	0.748	0.752	0.784	0.76	0.748	0.796	0.74	0.768	0.728	0.728	0.764	0.792	0.808	0.768	0.7	0.756	0.732	0.748	0.76	0.776	0.808	0.708	0.716	0.716	0.744	0.72	0.76	0.74	0.848	0.788	0.812	0.836	0.784	0.768	0.748	0.764	0.788	0.764	0.804	0.748	0.776	0.748	0.732	0.768	0.748	0.756	0.752	0.776	0.716	0.728	0.756	0.892	0.836	0.74	0.748	0.76	0.812	0.756	0.772	0.804	0.9	0.768	0.788	0.72	0.84	0.748	0.78	0.776	0.72	0.752	0.78	0.768	0.744	0.736	0.76	0.772
a17	0.896	0.828	0.732	0.876	0.716	0.72	0.864	0.872	0.86	0.804	0.708	0.696	0.716	0.732	0.808	0.764	0.764	0.736	0.852	0.844	0.868	0.904	0.896	0.716	0.848	0.72	0.728	0.752	0.832	0.0	0.756	0.74	0.8	0.776	0.736	0.772	0.664	0.72	0.808	0.748	0.756	0.668	0.688	0.848	0.748	0.664	0.68	0.776	0.776	0.78	0.736	0.76	0.752	0.784	0.768	0.8	0.688	0.82	0.752	0.68	0.752	0.752	0.728	0.708	0.68	0.796	0.792	0.744	0.772	0.78	0.788	0.788	0.876	0.824	0.832	0.836	0.808	0.796	0.736	0.78	0.824	0.764	0.804	0.728	0.76	0.784	0.74	0.828	0.836	0.796	0.768	0.72	0.796	0.812	0.68	0.804	0.772	0.776	0.836	0.848	0.796	0.788	0.792	0.892	0.88	0.76	0.856	0.788	0.86	0.684	0.82	0.772	0.736	0.716	0.78	0.812	0.812	0.788	0.796	0.724
a18	0.712	0.74	0.612	0.852	0.724	0.78	0.848	0.816	0.832	0.76	0.728	0.724	0.684	0.608	0.724	0.748	0.752	0.74	0.768	0.808	0.796	0.852	0.832	0.584	0.804	0.708	0.644	0.664	0.732	0.756	0.0	0.652	0.648	0.64	0.62	0.612	0.72	0.644	0.78	0.612	0.656	0.664	0.68	0.736	0.624	0.724	0.644	0.688	0.648	0.76	0.612	0.748	0.652	0.628	0.652	0.772	0.752	0.768	0.632	0.704	0.688	0.608	0.7	0.704	0.736	0.612	0.616	0.66	0.724	0.704	0.792	0.768	0.824	0.8	0.828	0.804	0.652	0.724	0.756	0.64	0.816	0.66	0.82	0.644	0.736	0.688	0.656	0.672	0.764	0.664	0.736	0.72	0.672	0.608	0.68	0.852	0.788	0.648	0.636	0.772	0.708	0.772	0.816	0.816	0.86	0.728	0.776	0.7	0.868	0.696	0.752	0.732	0.684	0.688	0.752	0.776	0.672	0.736	0.64	0.74
a19	0.58	0.848	0.676	0.896	0.692	0.772	0.876	0.82	0.908	0.824	0.756	0.752	0.704	0.592	0.812	0.776	0.728	0.784	0.808	0.876	0.852	0.908	0.876	0.592	0.856	0.76	0.508	0.504	0.784	0.74	0.652	0.0	0.492	0.552	0.624	0.48	0.736	0.52	0.828	0.472	0.652	0.628	0.62	0.592	0.496	0.744	0.48	0.74	0.488	0.764	0.552	0.804	0.692	0.652	0.472	0.82	0.748	0.856	0.6	0.704	0.74	0.6	0.72	0.72	0.748	0.58	0.624	0.724	0.768	0.756	0.796	0.788	0.888	0.8	0.816	0.88	0.524	0.772	0.748	0.52	0.828	0.736	0.84	0.616	0.744	0.696	0.664	0.524	0.82	0.616	0.784	0.756	0.592	0.612	0.708	0.864	0.82	0.68	0.568	0.804	0.772	0.808	0.84	0.868	0.896	0.8	0.82	0.768	0.904	0.652	0.816	0.792	0.696	0.7	0.82	0.816	0.624	0.784	0.484	0.752
a2	0.572	0.816	0.668	0.904	0.764	0.784	0.876	0.8	0.852	0.812	0.76	0.756	0.708	0.608	0.812	0.78	0.748	0.792	0.812	0.848	0.864	0.868	0.84	0.576	0.816	0.748	0.512	0.512	0.792	0.8	0.648	0.492	0.0	0.504	0.652	0.496	0.704	0.576	0.784	0.472	0.688	0.7	0.676	0.596	0.496	0.772	0.468	0.756	0.472	0.74	0.584	0.796	0.7	0.66	0.484	0.828	0.772	0.816	0.6	0.756	0.752	0.616	0.744	0.736	0.772	0.584	0.596	0.728	0.756	0.74	0.812	0.792	0.852	0.772	0.844	0.864	0.512	0.768	0.756	0.512	0.828	0.716	0.796	0.628	0.764	0.708	0.672	0.516	0.804	0.608	0.756	0.768	0.644	0.58	0.74	0.904	0.812	0.668	0.564	0.848	0.8	0.776	0.84	0.848	0.888	0.764	0.792	0.716	0.892	0.724	0.816	0.756	0.7	0.744	0.816	0.82	0.628	0.76	0.452	0.744
a20	0.616	0.82	0.652	0.896	0.76	0.772	0.82	0.832	0.84	0.8	0.732	0.748	0.74	0.588	0.784	0.768	0.792	0.748	0.796	0.832	0.832	0.872	0.828	0.6	0.844	0.752	0.516	0.56	0.76	0.776	0.64	0.552	0.504	0.0	0.632	0.52	0.74	0.544	0.816	0.504	0.656	0.66	0.68	0.616	0.516	0.772	0.516	0.716	0.516	0.78	0.6	0.796	0.692	0.664	0.528	0.816	0.784	0.796	0.608	0.736	0.712	0.632	0.756	0.784	0.78	0.568	0.616	0.704	0.712	0.764	0.784	0.772	0.832	0.772	0.836	0.816	0.552	0.772	0.744	0.576	0.824	0.72	0.812	0.628	0.788	0.7	0.676	0.552	0.808	0.6	0.764	0.776	0.596	0.572	0.78	0.864	0.78	0.696	0.56	0.844	0.768	0.74	0.812	0.816	0.864	0.792	0.816	0.74	0.848	0.708	0.804	0.748	0.688	0.716	0.792	0.784	0.62	0.764	0.524	0.708
a21	0.72	0.792	0.568	0.864	0.684	0.732	0.864	0.776	0.844	0.792	0.736	0.664	0.688	0.604	0.756	0.688	0.716	0.708	0.724	0.8	0.788	0.836	0.8	0.584	0.776	0.668	0.616	0.652	0.74	0.736	0.62	0.624	0.652	0.632	0.0	0.6	0.688	0.64	0.784	0.588	0.604	0.544	0.588	0.732	0.58	0.752	0.592	0.696	0.588	0.7	0.636	0.788	0.632	0.572	0.596	0.772	0.752	0.792	0.62	0.672	0.712	0.648	0.724	0.708	0.696	0.604	0.632	0.636	0.7	0.684	0.776	0.748	0.824	0.724	0.808	0.788	0.672	0.68	0.704	0.656	0.792	0.684	0.74	0.632	0.724	0.624	0.588	0.648	0.8	0.648	0.7	0.696	0.672	0.624	0.672	0.872	0.804	0.672	0.628	0.764	0.764	0.724	0.804	0.74	0.848	0.712	0.744	0.712	0.876	0.644	0.744	0.704	0.624	0.7	0.764	0.8	0.684	0.696	0.604	0.708
a22	0.596	0.78	0.648	0.9	0.7	0.736	0.848	0.796	0.864	0.804	0.724	0.728	0.68	0.576	0.768	0.744	0.736	0.744	0.732	0.828	0.844	0.864	0.824	0.572	0.824	0.732	0.5	0.536	0.772	0.772	0.612	0.48	0.496	0.52	0.6	0.0	0.708	0.512	0.812	0.468	0.644	0.64	0.636	0.592	0.444	0.74	0.484	0.748	0.484	0.716	0.536	0.776	0.668	0.596	0.484	0.812	0.788	0.808	0.568	0.708	0.72	0.576	0.744	0.716	0.74	0.548	0.584	0.688	0.772	0.728	0.804	0.772	0.856	0.736	0.828	0.856	0.54	0.776	0.712	0.54	0.812	0.712	0.824	0.576	0.724	0.668	0.612	0.532	0.808	0.608	0.78	0.736	0.644	0.572	0.704	0.896	0.78	0.648	0.532	0.812	0.776	0.728	0.84	0.8	0.896	0.744	0.76	0.728	0.896	0.688	0.8	0.78	0.684	0.72	0.8	0.8	0.624	0.732	0.464	0.74
a23	0.876	0.808	0.692	0.848	0.652	0.672	0.836	0.78	0.844	0.728	0.66	0.664	0.696	0.7	0.796	0.688	0.616	0.712	0.756	0.8	0.764	0.812	0.816	0.664	0.792	0.648	0.664	0.74	0.772	0.664	0.72	0.736	0.704	0.74	0.688	0.708	0.0	0.716	0.824	0.728	0.688	0.604	0.632	0.844	0.692	0.652	0.628	0.792	0.72	0.708	0.684	0.732	0.744	0.692	0.768	0.776	0.708	0.744	0.72	0.684	0.704	0.728	0.672	0.676	0.652	0.732	0.724	0.68	0.712	0.648	0.764	0.716	0.792	0.76	0.812	0.812	0.772	0.712	0.72	0.752	0.812	0.752	0.748	0.72	0.708	0.72	0.7	0.784	0.808	0.76	0.696	0.66	0.78	0.728	0.604	0.892	0.78	0.732	0.728	0.764	0.744	0.696	0.8	0.752	0.856	0.696	0.74	0.732	0.848	0.656	0.72	0.704	0.7	0.736	0.756	0.756	0.808	0.708	0.66	0.704
a24	0.644	0.844	0.644	0.904	0.744	0.772	0.868	0.86	0.888	0.836	0.784	0.772	0.736	0.612	0.812	0.824	0.776	0.728	0.86	0.896	0.904	0.9	0.876	0.6	0.872	0.772	0.508	0.552	0.796	0.72	0.644	0.52	0.576	0.544	0.64	0.512	0.716	0.0	0.868	0.508	0.636	0.632	0.676	0.6	0.512	0.74	0.492	0.72	0.532	0.74	0.584	0.792	0.68	0.656	0.568	0.8	0.76	0.832	0.644	0.72	0.74	0.6	0.736	0.78	0.716	0.58	0.644	0.72	0.768	0.804	0.8	0.808	0.888	0.808	0.836	0.868	0.564	0.84	0.724	0.556	0.86	0.74	0.84	0.568	0.776	0.708	0.7	0.612	0.836	0.624	0.8	0.748	0.624	0.624	0.716	0.868	0.82	0.704	0.6	0.808	0.812	0.796	0.808	0.872	0.912	0.808	0.848	0.78	0.892	0.724	0.808	0.788	0.708	0.708	0.82	0.86	0.596	0.788	0.556	0.756
a25	0.84	0.76	0.768	0.876	0.832	0.856	0.848	0.82	0.772	0.824	0.844	0.804	0.808	0.8	0.772	0.804	0.828	0.792	0.808	0.804	0.816	0.828	0.812	0.78	0.808	0.852	0.82	0.86	0.804	0.808	0.78	0.828	0.784	0.816	0.784	0.812	0.824	0.868	0.0	0.8	0.824	0.844	0.828	0.924	0.824	0.82	0.856	0.792	0.808	0.864	0.848	0.804	0.768	0.8	0.808	0.784	0.792	0.796	0.776	0.792	0.8	0.832	0.804	0.856	0.868	0.788	0.808	0.776	0.78	0.808	0.844	0.788	0.824	0.868	0.864	0.784	0.864	0.792	0.812	0.844	0.788	0.84	0.816	0.844	0.864	0.772	0.84	0.824	0.768	0.82	0.824	0.8	0.828	0.812	0.812	0.812	0.804	0.812	0.808	0.832	0.776	0.832	0.824	0.8	0.796	0.768	0.804	0.78	0.776	0.808	0.784	0.808	0.82	0.808	0.848	0.836	0.852	0.8	0.832	0.772
a26	0.516	0.788	0.624	0.92	0.716	0.776	0.86	0.792	0.856	0.816	0.776	0.74	0.696	0.612	0.804	0.768	0.764	0.752	0.776	0.84	0.868	0.888	0.824	0.548	0.832	0.756	0.48	0.468	0.756	0.748	0.612	0.472	0.472	0.504	0.588	0.468	0.728	0.508	0.8	0.0	0.64	0.612	0.62	0.532	0.444	0.76	0.472	0.744	0.44	0.7	0.58	0.804	0.684	0.628	0.452	0.788	0.78	0.812	0.608	0.708	0.732	0.588	0.744	0.732	0.744	0.544	0.596	0.688	0.764	0.76	0.796	0.748	0.86	0.772	0.82	0.848	0.464	0.792	0.744	0.484	0.804	0.732	0.816	0.592	0.736	0.664	0.632	0.492	0.816	0.604	0.772	0.74	0.62	0.58	0.72	0.892	0.8	0.676	0.564	0.812	0.776	0.764	0.828	0.808	0.88	0.74	0.788	0.752	0.896	0.668	0.8	0.776	0.684	0.716	0.82	0.796	0.596	0.752	0.472	0.74
a27	0.684	0.78	0.616	0.84	0.704	0.768	0.844	0.768	0.84	0.744	0.756	0.732	0.664	0.68	0.752	0.764	0.768	0.716	0.776	0.804	0.776	0.828	0.796	0.608	0.82	0.752	0.632	0.708	0.764	0.756	0.656	0.652	0.688	0.656	0.604	0.644	0.688	0.636	0.824	0.64	0.0	0.568	0.66	0.732	0.612	0.744	0.644	0.712	0.66	0.708	0.612	0.776	0.692	0.608	0.652	0.752	0.788	0.736	0.66	0.68	0.724	0.656	0.704	0.672	0.744	0.608	0.68	0.708	0.732	0.768	0.796	0.764	0.812	0.74	0.784	0.82	0.696	0.74	0.728	0.684	0.808	0.696	0.78	0.628	0.728	0.696	0.612	0.64	0.776	0.688	0.776	0.724	0.704	0.66	0.704	0.876	0.82	0.672	0.652	0.8	0.796	0.796	0.804	0.764	0.884	0.792	0.772	0.696	0.856	0.672	0.764	0.772	0.696	0.692	0.776	0.796	0.688	0.804	0.656	0.784
a28	0.756	0.808	0.636	0.924	0.676	0.748	0.86	0.824	0.888	0.816	0.688	0.692	0.684	0.664	0.816	0.76	0.728	0.72	0.796	0.876	0.868	0.908	0.864	0.64	0.844	0.7	0.616	0.64	0.788	0.668	0.664	0.628	0.7	0.66	0.544	0.64	0.604	0.632	0.844	0.612	0.568	0.0	0.524	0.744	0.636	0.72	0.56	0.716	0.68	0.704	0.652	0.808	0.724	0.684	0.664	0.804	0.772	0.828	0.7	0.64	0.732	0.644	0.748	0.692	0.628	0.672	0.704	0.652	0.756	0.76	0.808	0.78	0.852	0.756	0.844	0.872	0.684	0.796	0.724	0.716	0.84	0.704	0.828	0.684	0.74	0.716	0.58	0.7	0.824	0.716	0.752	0.732	0.712	0.696	0.664	0.884	0.832	0.688	0.712	0.824	0.776	0.776	0.84	0.824	0.908	0.78	0.804	0.736	0.896	0.608	0.796	0.788	0.684	0.692	0.808	0.816	0.76	0.792	0.668	0.732
a29	0.776	0.828	0.692	0.928	0.708	0.772	0.86	0.804	0.864	0.824	0.756	0.74	0.704	0.688	0.84	0.78	0.744	0.74	0.796	0.892	0.872	0.904	0.844	0.644	0.852	0.72	0.636	0.676	0.748	0.688	0.68	0.62	0.676	0.68	0.588	0.636	0.632	0.676	0.828	0.62	0.66	0.524	0.0	0.768	0.632	0.728	0.58	0.724	0.672	0.728	0.652	0.824	0.736	0.72	0.672	0.816	0.756	0.836	0.672	0.724	0.744	0.684	0.756	0.676	0.724	0.688	0.708	0.704	0.776	0.744	0.82	0.804	0.864	0.752	0.84	0.868	0.692	0.788	0.716	0.732	0.804	0.748	0.816	0.724	0.752	0.72	0.616	0.732	0.808	0.748	0.752	0.76	0.736	0.696	0.664	0.88	0.8	0.704	0.72	0.844	0.788	0.78	0.852	0.816	0.868	0.752	0.808	0.748	0.88	0.652	0.832	0.788	0.692	0.716	0.804	0.824	0.74	0.792	0.636	0.74
a3	0.472	0.9	0.74	0.98	0.868	0.888	0.944	0.92	0.932	0.904	0.864	0.856	0.848	0.708	0.908	0.892	0.892	0.848	0.916	0.952	0.948	0.976	0.936	0.692	0.944	0.84	0.612	0.4	0.852	0.848	0.736	0.592	0.596	0.616	0.732	0.592	0.844	0.6	0.924	0.532	0.732	0.744	0.768	0.0	0.576	0.852	0.588	0.808	0.532	0.844	0.676	0.9	0.8	0.756	0.488	0.896	0.884	0.932	0.712	0.8	0.852	0.7	0.86	0.86	0.828	0.664	0.7	0.808	0.896	0.88	0.868	0.896	0.96	0.888	0.92	0.964	0.452	0.912	0.84	0.528	0.908	0.82	0.928	0.684	0.864	0.804	0.772	0.568	0.904	0.688	0.908	0.88	0.704	0.696	0.86	0.952	0.896	0.76	0.672	0.92	0.868	0.864	0.908	0.948	0.956	0.888	0.928	0.864	0.956	0.848	0.92	0.876	0.796	0.812	0.916	0.92	0.676	0.88	0.58	0.848
a30	0.584	0.808	0.644	0.896	0.724	0.768	0.856	0.8	0.88	0.768	0.756	0.724	0.704	0.6	0.784	0.736	0.712	0.76	0.748	0.844	0.82	0.868	0.8	0.552	0.832	0.736	0.5	0.524	0.748	0.748	0.624	0.496	0.496	0.516	0.58	0.444	0.692	0.512	0.824	0.444	0.612	0.636	0.632	0.576	0.0	0.744	0.476	0.76	0.492	0.724	0.564	0.796	0.676	0.6	0.452	0.816	0.776	0.836	0.616	0.74	0.748	0.58	0.712	0.724	0.736	0.564	0.576	0.716	0.76	0.724	0.804	0.776	0.88	0.752	0.848	0.86	0.516	0.768	0.716	0.52	0.8	0.712	0.816	0.6	0.756	0.672	0.652	0.52	0.82	0.588	0.796	0.74	0.616	0.568	0.688	0.888	0.792	0.652	0.544	0.808	0.764	0.732	0.824	0.808	0.868	0.72	0.764	0.708	0.884	0.684	0.8	0.756	0.684	0.728	0.788	0.84	0.58	0.748	0.456	0.748
a31	0.86	0.8	0.716	0.78	0.676	0.66	0.784	0.736	0.796	0.692	0.636	0.652	0.704	0.688	0.776	0.7	0.7	0.708	0.76	0.796	0.78	0.82	0.768	0.688	0.78	0.648	0.724	0.736	0.752	0.664	0.724	0.744	0.772	0.772	0.752	0.74	0.652	0.74	0.82	0.76	0.744	0.72	0.728	0.852	0.744	0.0	0.712	0.728	0.752	0.736	0.676	0.72	0.692	0.696	0.776	0.76	0.64	0.724	0.688	0.656	0.676	0.676	0.696	0.676	0.656	0.764	0.684	0.66	0.704	0.704	0.708	0.664	0.82	0.76	0.788	0.788	0.804	0.684	0.672	0.756	0.756	0.712	0.74	0.72	0.688	0.724	0.736	0.824	0.728	0.74	0.7	0.66	0.756	0.72	0.644	0.844	0.752	0.712	0.768	0.74	0.752	0.716	0.796	0.78	0.856	0.72	0.78	0.692	0.82	0.712	0.752	0.684	0.696	0.66	0.696	0.728	0.772	0.676	0.732	0.68
a32	0.604	0.824	0.64	0.912	0.712	0.764	0.884	0.8	0.884	0.816	0.732	0.704	0.732	0.56	0.836	0.76	0.716	0.756	0.824	0.892	0.88	0.9	0.844	0.568	0.86	0.74	0.472	0.504	0.784	0.68	0.644	0.48	0.468	0.516	0.592	0.484	0.628	0.492	0.856	0.472	0.644	0.56	0.58	0.588	0.476	0.712	0.0	0.748	0.492	0.684	0.528	0.824	0.696	0.628	0.496	0.844	0.764	0.84	0.628	0.668	0.748	0.584	0.764	0.684	0.72	0.552	0.612	0.7	0.764	0.74	0.78	0.78	0.876	0.804	0.848	0.86	0.54	0.804	0.712	0.532	0.836	0.724	0.832	0.604	0.72	0.672	0.636	0.572	0.832	0.616	0.776	0.736	0.612	0.604	0.644	0.924	0.832	0.652	0.568	0.804	0.78	0.792	0.86	0.856	0.924	0.792	0.824	0.736	0.916	0.612	0.836	0.768	0.68	0.72	0.8	0.816	0.608	0.764	0.468	0.756
a33	0.78	0.784	0.688	0.876	0.752	0.776	0.8	0.864	0.792	0.824	0.76	0.776	0.772	0.716	0.776	0.78	0.808	0.752	0.86	0.836	0.86	0.896	0.844	0.688	0.856	0.784	0.732	0.756	0.76	0.776	0.688	0.74	0.756	0.716	0.696	0.748	0.792	0.72	0.792	0.744	0.712	0.716	0.724	0.808	0.76	0.728	0.748	0.0	0.74	0.8	0.68	0.808	0.728	0.74	0.76	0.8	0.792	0.856	0.676	0.676	0.776	0.696	0.74	0.772	0.796	0.712	0.744	0.7	0.756	0.816	0.744	0.772	0.888	0.828	0.828	0.864	0.752	0.78	0.752	0.716	0.788	0.712	0.84	0.712	0.816	0.736	0.748	0.748	0.772	0.712	0.792	0.764	0.732	0.716	0.76	0.84	0.724	0.716	0.74	0.82	0.776	0.8	0.82	0.848	0.84	0.788	0.84	0.744	0.816	0.748	0.82	0.728	0.696	0.688	0.808	0.832	0.764	0.776	0.752	0.744
a34	0.54	0.816	0.62	0.876	0.728	0.788	0.844	0.812	0.832	0.784	0.744	0.728	0.728	0.588	0.776	0.764	0.756	0.752	0.828	0.844	0.856	0.876	0.836	0.6	0.82	0.728	0.512	0.468	0.748	0.776	0.648	0.488	0.472	0.516	0.588	0.484	0.72	0.532	0.808	0.44	0.66	0.68	0.672	0.532	0.492	0.752	0.492	0.74	0.0	0.772	0.6	0.788	0.672	0.628	0.456	0.816	0.752	0.812	0.584	0.708	0.732	0.604	0.72	0.752	0.772	0.556	0.584	0.704	0.744	0.736	0.76	0.788	0.868	0.78	0.848	0.852	0.488	0.796	0.708	0.492	0.796	0.712	0.784	0.576	0.736	0.676	0.656	0.512	0.804	0.596	0.756	0.732	0.632	0.572	0.716	0.864	0.816	0.696	0.572	0.796	0.772	0.752	0.812	0.832	0.9	0.748	0.804	0.712	0.904	0.756	0.8	0.752	0.692	0.684	0.804	0.8	0.596	0.772	0.46	0.72
a35	0.78	0.82	0.712	0.876	0.716	0.768	0.872	0.76	0.888	0.792	0.752	0.732	0.708	0.788	0.848	0.744	0.76	0.736	0.724	0.816	0.852	0.868	0.844	0.776	0.792	0.688	0.732	0.804	0.796	0.78	0.76	0.764	0.74	0.78	0.7	0.716	0.708	0.74	0.864	0.7	0.708	0.704	0.728	0.844	0.724	0.736	0.684	0.8	0.772	0.0	0.76	0.812	0.788	0.764	0.756	0.816	0.8	0.816	0.78	0.76	0.74	0.792	0.728	0.68	0.72	0.704	0.816	0.744	0.772	0.692	0.808	0.76	0.844	0.568	0.76	0.832	0.788	0.744	0.816	0.812	0.844	0.804	0.772	0.764	0.668	0.764	0.616	0.76	0.796	0.788	0.756	0.756	0.816	0.752	0.72	0.916	0.816	0.708	0.748	0.78	0.784	0.748	0.816	0.776	0.896	0.776	0.72	0.74	0.864	0.728	0.788	0.8	0.756	0.804	0.792	0.768	0.812	0.776	0.74	0.792
a36	0.672	0.76	0.616	0.828	0.7	0.684	0.852	0.82	0.828	0.792	0.684	0.68	0.648	0.552	0.764	0.724	0.724	0.744	0.792	0.84	0.828	0.872	0.816	0.54	0.824	0.68	0.548	0.56	0.74	0.736	0.612	0.552	0.584	0.6	0.636	0.536	0.684	0.584	0.848	0.58	0.612	0.652	0.652	0.676	0.564	0.676	0.528	0.68	0.6	0.76	0.0	0.748	0.692	0.64	0.572	0.768	0.748	0.804	0.596	0.68	0.74	0.536	0.72	0.668	0.724	0.532	0.588	0.688	0.768	0.708	0.74	0.744	0.836	0.796	0.836	0.84	0.608	0.768	0.68	0.568	0.808	0.704	0.812	0.536	0.7	0.648	0.632	0.62	0.764	0.556	0.72	0.68	0.584	0.584	0.692	0.848	0.764	0.648	0.6	0.792	0.74	0.776	0.792	0.836	0.852	0.768	0.82	0.728	0.86	0.664	0.78	0.716	0.632	0.656	0.76	0.756	0.616	0.692	0.568	0.744
a37	0.868	0.788	0.688	0.756	0.732	0.724	0.788	0.8	0.784	0.708	0.724	0.7	0.692	0.74	0.712	0.724	0.74	0.744	0.752	0.772	0.748	0.792	0.788	0.728	0.736	0.752	0.768	0.84	0.768	0.76	0.748	0.804	0.796	0.796	0.788	0.776	0.732	0.792	0.804	0.804	0.776	0.808	0.824	0.9	0.796	0.72	0.824	0.808	0.788	0.812	0.748	0.0	0.696	0.76	0.816	0.736	0.688	0.688	0.732	0.752	0.732	0.752	0.712	0.736	0.796	0.74	0.716	0.712	0.68	0.712	0.776	0.756	0.82	0.772	0.788	0.744	0.84	0.668	0.74	0.772	0.724	0.728	0.708	0.756	0.704	0.744	0.764	0.816	0.764	0.776	0.704	0.712	0.764	0.756	0.684	0.828	0.776	0.78	0.788	0.736	0.76	0.74	0.732	0.772	0.844	0.748	0.764	0.676	0.852	0.748	0.72	0.728	0.708	0.7	0.684	0.692	0.772	0.716	0.796	0.668
a38	0.764	0.76	0.632	0.852	0.748	0.74	0.824	0.736	0.824	0.736	0.712	0.736	0.712	0.64	0.664	0.732	0.724	0.74	0.732	0.708	0.736	0.772	0.728	0.636	0.724	0.744	0.68	0.736	0.728	0.752	0.652	0.692	0.7	0.692	0.632	0.668	0.744	0.68	0.768	0.684	0.692	0.724	0.736	0.8	0.676	0.692	0.696	0.728	0.672	0.788	0.692	0.696	0.0	0.576	0.716	0.776	0.684	0.7	0.64	0.692	0.692	0.656	0.7	0.756	0.768	0.692	0.644	0.692	0.652	0.704	0.764	0.716	0.772	0.772	0.796	0.756	0.74	0.704	0.692	0.676	0.736	0.664	0.688	0.688	0.736	0.572	0.696	0.732	0.736	0.696	0.716	0.676	0.692	0.648	0.704	0.848	0.776	0.688	0.636	0.772	0.788	0.72	0.796	0.748	0.828	0.72	0.712	0.64	0.856	0.704	0.704	0.688	0.656	0.7	0.732	0.756	0.716	0.696	0.664	0.684
a39	0.712	0.76	0.596	0.792	0.708	0.708	0.828	0.704	0.836	0.672	0.736	0.668	0.728	0.616	0.72	0.712	0.724	0.744	0.728	0.68	0.692	0.74	0.676	0.592	0.736	0.736	0.636	0.696	0.728	0.784	0.628	0.652	0.66	0.664	0.572	0.596	0.692	0.656	0.8	0.628	0.608	0.684	0.72	0.756	0.6	0.696	0.628	0.74	0.628	0.764	0.64	0.76	0.576	0.0	0.652	0.74	0.72	0.664	0.548	0.664	0.656	0.584	0.696	0.748	0.76	0.612	0.612	0.648	0.648	0.68	0.78	0.736	0.728	0.744	0.82	0.728	0.68	0.66	0.684	0.612	0.752	0.632	0.668	0.62	0.704	0.6	0.608	0.68	0.74	0.628	0.708	0.68	0.628	0.592	0.7	0.876	0.824	0.692	0.604	0.74	0.756	0.72	0.8	0.676	0.84	0.684	0.688	0.592	0.848	0.704	0.66	0.688	0.648	0.712	0.724	0.76	0.664	0.676	0.58	0.72
a4	0.468	0.836	0.676	0.912	0.74	0.816	0.888	0.828	0.912	0.816	0.768	0.756	0.72	0.616	0.808	0.788	0.764	0.768	0.796	0.876	0.864	0.896	0.844	0.58	0.816	0.744	0.516	0.436	0.764	0.768	0.652	0.472	0.484	0.528	0.596	0.484	0.768	0.568	0.808	0.452	0.652	0.664	0.672	0.488	0.452	0.776	0.496	0.76	0.456	0.756	0.572	0.816	0.716	0.652	0.0	0.832	0.804	0.852	0.612	0.748	0.768	0.624	0.752	0.728	0.744	0.572	0.612	0.748	0.78	0.768	0.8	0.78	0.9	0.792	0.88	0.884	0.428	0.784	0.76	0.448	0.84	0.732	0.852	0.6	0.752	0.7	0.66	0.464	0.84	0.616	0.784	0.764	0.624	0.588	0.756	0.916	0.856	0.7	0.6	0.84	0.804	0.768	0.828	0.844	0.892	0.772	0.824	0.764	0.888	0.716	0.856	0.808	0.696	0.752	0.8	0.836	0.616	0.784	0.48	0.764
a40	0.808	0.756	0.724	0.8	0.752	0.764	0.828	0.788	0.816	0.752	0.772	0.748	0.744	0.78	0.748	0.76	0.824	0.768	0.788	0.776	0.784	0.808	0.812	0.756	0.784	0.796	0.8	0.86	0.792	0.8	0.772	0.82	0.828	0.816	0.772	0.812	0.776	0.8	0.784	0.788	0.752	0.804	0.816	0.896	0.816	0.76	0.844	0.8	0.816	0.816	0.768	0.736	0.776	0.74	0.832	0.0	0.788	0.736	0.732	0.772	0.72	0.796	0.728	0.78	0.76	0.764	0.76	0.752	0.724	0.772	0.808	0.768	0.8	0.788	0.804	0.796	0.848	0.752	0.74	0.808	0.772	0.764	0.788	0.772	0.744	0.764	0.788	0.792	0.752	0.788	0.74	0.752	0.796	0.764	0.764	0.808	0.788	0.756	0.808	0.816	0.78	0.828	0.8	0.812	0.848	0.74	0.796	0.72	0.816	0.748	0.76	0.76	0.716	0.76	0.752	0.756	0.752	0.724	0.824	0.78
a41	0.856	0.812	0.7	0.784	0.736	0.716	0.82	0.772	0.784	0.748	0.696	0.688	0.716	0.692	0.748	0.744	0.736	0.756	0.788	0.8	0.772	0.792	0.78	0.7	0.752	0.708	0.736	0.78	0.808	0.688	0.752	0.748	0.772	0.784	0.752	0.788	0.708	0.76	0.792	0.78	0.788	0.772	0.756	0.884	0.776	0.64	0.764	0.792	0.752	0.8	0.748	0.688	0.684	0.72	0.804	0.788	0.0	0.72	0.712	0.712	0.696	0.7	0.66	0.74	0.716	0.788	0.684	0.716	0.684	0.72	0.768	0.74	0.792	0.756	0.824	0.748	0.832	0.684	0.696	0.768	0.74	0.712	0.736	0.768	0.732	0.744	0.76	0.82	0.724	0.78	0.704	0.692	0.78	0.728	0.68	0.832	0.804	0.784	0.76	0.772	0.78	0.708	0.808	0.764	0.84	0.704	0.8	0.724	0.868	0.768	0.716	0.712	0.72	0.684	0.748	0.764	0.768	0.704	0.772	0.656
a42	0.824	0.744	0.716	0.764	0.74	0.728	0.788	0.692	0.764	0.656	0.752	0.724	0.716	0.768	0.716	0.684	0.752	0.772	0.728	0.648	0.688	0.668	0.644	0.764	0.704	0.76	0.82	0.9	0.768	0.82	0.768	0.856	0.816	0.796	0.792	0.808	0.744	0.832	0.796	0.812	0.736	0.828	0.836	0.932	0.836	0.724	0.84	0.856	0.812	0.816	0.804	0.688	0.7	0.664	0.852	0.736	0.72	0.0	0.716	0.792	0.7	0.784	0.74	0.748	0.792	0.792	0.74	0.7	0.672	0.716	0.788	0.72	0.708	0.732	0.76	0.708	0.856	0.66	0.748	0.784	0.732	0.696	0.672	0.796	0.728	0.716	0.76	0.816	0.748	0.8	0.672	0.728	0.76	0.74	0.724	0.812	0.788	0.796	0.792	0.744	0.784	0.756	0.732	0.68	0.804	0.696	0.708	0.628	0.812	0.78	0.684	0.732	0.716	0.784	0.688	0.7	0.772	0.748	0.796	0.736
a43	0.692	0.76	0.628	0.816	0.692	0.716	0.792	0.764	0.756	0.724	0.692	0.732	0.716	0.584	0.724	0.712	0.744	0.76	0.784	0.752	0.768	0.8	0.764	0.548	0.74	0.716	0.64	0.632	0.7	0.752	0.632	0.6	0.6	0.608	0.62	0.568	0.72	0.644	0.776	0.608	0.66	0.7	0.672	0.712	0.616	0.688	0.628	0.676	0.584	0.78	0.596	0.732	0.64	0.548	0.612	0.732	0.712	0.716	0.0	0.664	0.68	0.6	0.724	0.716	0.732	0.584	0.56	0.624	0.7	0.732	0.748	0.724	0.784	0.748	0.78	0.768	0.648	0.724	0.688	0.6	0.732	0.636	0.744	0.584	0.736	0.616	0.648	0.644	0.748	0.58	0.68	0.704	0.592	0.532	0.708	0.848	0.732	0.648	0.612	0.804	0.736	0.688	0.788	0.756	0.84	0.692	0.74	0.68	0.84	0.696	0.692	0.708	0.66	0.648	0.756	0.756	0.64	0.66	0.572	0.72
a44	0.772	0.78	0.636	0.82	0.708	0.716	0.844	0.792	0.8	0.744	0.692	0.68	0.724	0.656	0.728	0.724	0.772	0.712	0.808	0.824	0.804	0.828	0.776	0.676	0.824	0.704	0.728	0.72	0.756	0.68	0.704	0.704	0.756	0.736	0.672	0.708	0.684	0.72	0.792	0.708	0.68	0.64	0.724	0.8	0.74	0.656	0.668	0.676	0.708	0.76	0.68	0.752	0.692	0.664	0.748	0.772	0.712	0.792	0.664	0.0	0.692	0.644	0.732	0.704	0.688	0.672	0.664	0.66	0.676	0.748	0.76	0.74	0.84	0.808	0.804	0.82	0.744	0.756	0.644	0.724	0.776	0.68	0.768	0.648	0.724	0.688	0.652	0.752	0.696	0.68	0.704	0.648	0.724	0.712	0.676	0.84	0.752	0.72	0.676	0.772	0.736	0.768	0.764	0.812	0.876	0.716	0.796	0.736	0.852	0.684	0.756	0.7	0.688	0.644	0.776	0.784	0.728	0.7	0.728	0.716
a45	0.828	0.732	0.656	0.828	0.724	0.72	0.84	0.74	0.816	0.708	0.696	0.672	0.684	0.668	0.74	0.696	0.752	0.752	0.784	0.752	0.744	0.792	0.784	0.68	0.752	0.696	0.732	0.776	0.732	0.752	0.688	0.74	0.752	0.712	0.712	0.72	0.704	0.74	0.8	0.732	0.724	0.732	0.744	0.852	0.748	0.676	0.748	0.776	0.732	0.74	0.74	0.732	0.692	0.656	0.768	0.72	0.696	0.7	0.68	0.692	0.0	0.716	0.7	0.74	0.712	0.696	0.66	0.648	0.628	0.728	0.764	0.724	0.784	0.744	0.784	0.792	0.796	0.708	0.736	0.752	0.784	0.7	0.712	0.728	0.716	0.708	0.66	0.78	0.72	0.732	0.692	0.668	0.756	0.732	0.664	0.844	0.796	0.74	0.692	0.76	0.728	0.708	0.756	0.76	0.868	0.672	0.7	0.684	0.812	0.732	0.708	0.692	0.688	0.692	0.704	0.672	0.716	0.684	0.68	0.732
a46	0.696	0.772	0.624	0.848	0.7	0.708	0.856	0.78	0.856	0.748	0.74	0.696	0.684	0.564	0.736	0.768	0.776	0.74	0.768	0.848	0.836	0.844	0.776	0.58	0.832	0.744	0.596	0.616	0.748	0.752	0.608	0.6	0.616	0.632	0.648	0.576	0.728	0.6	0.832	0.588	0.656	0.644	0.684	0.7	0.58	0.676	0.584	0.696	0.604	0.792	0.536	0.752	0.656	0.584	0.624	0.796	0.7	0.784	0.6	0.644	0.716	0.0	0.704	0.708	0.744	0.6	0.56	0.664	0.716	0.704	0.764	0.752	0.824	0.772	0.832	0.828	0.62	0.736	0.676	0.584	0.788	0.648	0.804	0.56	0.736	0.664	0.652	0.656	0.752	0.596	0.74	0.692	0.588	0.584	0.66	0.856	0.8	0.664	0.584	0.76	0.784	0.76	0.808	0.812	0.86	0.744	0.764	0.704	0.9	0.676	0.788	0.7	0.66	0.648	0.744	0.796	0.612	0.712	0.556	0.7
a47	0.824	0.756	0.716	0.796	0.664	0.684	0.788	0.78	0.82	0.716	0.7	0.692	0.672	0.7	0.748	0.704	0.692	0.704	0.772	0.788	0.776	0.808	0.796	0.692	0.748	0.752	0.736	0.772	0.76	0.728	0.7	0.72	0.744	0.756	0.724	0.744	0.672	0.736	0.804	0.744	0.704	0.748	0.756	0.86	0.712	0.696	0.764	0.74	0.72	0.728	0.72	0.712	0.7	0.696	0.752	0.728	0.66	0.74	0.724	0.732	0.7	0.704	0.0	0.688	0.644	0.708	0.716	0.688	0.66	0.708	0.74	0.708	0.8	0.756	0.76	0.772	0.792	0.712	0.74	0.756	0.768	0.724	0.776	0.724	0.728	0.704	0.716	0.784	0.696	0.752	0.704	0.66	0.768	0.724	0.68	0.808	0.772	0.688	0.708	0.76	0.748	0.696	0.76	0.78	0.824	0.668	0.72	0.688	0.856	0.708	0.708	0.74	0.684	0.696	0.732	0.724	0.772	0.724	0.704	0.7
a48	0.828	0.808	0.704	0.796	0.664	0.68	0.832	0.776	0.852	0.772	0.704	0.672	0.636	0.736	0.784	0.696	0.712	0.756	0.768	0.832	0.824	0.848	0.828	0.704	0.82	0.684	0.756	0.764	0.776	0.708	0.704	0.72	0.736	0.784	0.708	0.716	0.676	0.78	0.856	0.732	0.672	0.692	0.676	0.86	0.724	0.676	0.684	0.772	0.752	0.68	0.668	0.736	0.756	0.748	0.728	0.78	0.74	0.748	0.716	0.704	0.74	0.708	0.688	0.0	0.668	0.728	0.72	0.712	0.712	0.676	0.772	0.712	0.832	0.768	0.776	0.836	0.78	0.708	0.688	0.776	0.796	0.752	0.816	0.736	0.684	0.764	0.668	0.772	0.768	0.74	0.712	0.656	0.8	0.732	0.592	0.856	0.776	0.692	0.74	0.752	0.772	0.752	0.792	0.788	0.868	0.72	0.744	0.728	0.876	0.644	0.776	0.74	0.712	0.712	0.752	0.744	0.788	0.76	0.74	0.756
a49	0.848	0.784	0.708	0.848	0.668	0.708	0.832	0.812	0.808	0.748	0.644	0.66	0.732	0.684	0.832	0.74	0.704	0.732	0.828	0.84	0.82	0.864	0.844	0.716	0.816	0.672	0.744	0.732	0.808	0.68	0.736	0.748	0.772	0.78	0.696	0.74	0.652	0.716	0.868	0.744	0.744	0.628	0.724	0.828	0.736	0.656	0.72	0.796	0.772	0.72	0.724	0.796	0.768	0.76	0.744	0.76	0.716	0.792	0.732	0.688	0.712	0.744	0.644	0.668	0.0	0.756	0.736	0.708	0.728	0.724	0.772	0.752	0.844	0.8	0.792	0.844	0.8	0.768	0.712	0.808	0.804	0.76	0.828	0.724	0.736	0.772	0.7	0.816	0.78	0.748	0.748	0.664	0.78	0.748	0.672	0.816	0.76	0.716	0.772	0.78	0.752	0.716	0.764	0.856	0.852	0.76	0.78	0.756	0.864	0.712	0.784	0.784	0.72	0.728	0.78	0.816	0.804	0.764	0.764	0.768
a5	0.62	0.756	0.628	0.844	0.7	0.74	0.848	0.752	0.848	0.756	0.744	0.712	0.676	0.604	0.736	0.736	0.776	0.732	0.796	0.808	0.788	0.84	0.784	0.572	0.752	0.736	0.564	0.632	0.708	0.796	0.612	0.58	0.584	0.568	0.604	0.548	0.732	0.58	0.788	0.544	0.608	0.672	0.688	0.664	0.564	0.764	0.552	0.712	0.556	0.704	0.532	0.74	0.692	0.612	0.572	0.764	0.788	0.792	0.584	0.672	0.696	0.6	0.708	0.728	0.756	0.0	0.56	0.68	0.728	0.708	0.768	0.776	0.796	0.732	0.768	0.816	0.608	0.732	0.724	0.588	0.784	0.7	0.78	0.6	0.7	0.656	0.636	0.584	0.756	0.592	0.712	0.732	0.616	0.572	0.724	0.872	0.792	0.664	0.536	0.784	0.772	0.764	0.796	0.796	0.872	0.78	0.752	0.66	0.84	0.66	0.728	0.74	0.676	0.692	0.772	0.78	0.608	0.744	0.58	0.744
a50	0.672	0.764	0.604	0.808	0.732	0.76	0.824	0.74	0.808	0.74	0.744	0.704	0.708	0.528	0.72	0.724	0.764	0.772	0.792	0.8	0.78	0.816	0.752	0.56	0.788	0.74	0.612	0.628	0.716	0.792	0.616	0.624	0.596	0.616	0.632	0.584	0.724	0.644	0.808	0.596	0.68	0.704	0.708	0.7	0.576	0.684	0.612	0.744	0.584	0.816	0.588	0.716	0.644	0.612	0.612	0.76	0.684	0.74	0.56	0.664	0.66	0.56	0.716	0.72	0.736	0.56	0.0	0.648	0.716	0.724	0.76	0.724	0.808	0.764	0.808	0.812	0.632	0.72	0.652	0.576	0.768	0.652	0.748	0.584	0.752	0.636	0.692	0.632	0.736	0.58	0.684	0.68	0.596	0.552	0.672	0.852	0.78	0.688	0.58	0.78	0.756	0.744	0.804	0.768	0.888	0.692	0.78	0.72	0.868	0.732	0.708	0.708	0.676	0.668	0.756	0.732	0.572	0.66	0.564	0.688
a51	0.772	0.784	0.648	0.836	0.684	0.676	0.792	0.764	0.804	0.72	0.692	0.628	0.692	0.636	0.732	0.68	0.736	0.716	0.744	0.796	0.784	0.812	0.768	0.628	0.792	0.704	0.696	0.712	0.716	0.744	0.66	0.724	0.728	0.704	0.636	0.688	0.68	0.72	0.776	0.688	0.708	0.652	0.704	0.808	0.716	0.66	0.7	0.7	0.704	0.744	0.688	0.712	0.692	0.648	0.748	0.752	0.716	0.7	0.624	0.66	0.648	0.664	0.688	0.712	0.708	0.68	0.648	0.0	0.656	0.68	0.76	0.716	0.808	0.752	0.784	0.74	0.764	0.7	0.64	0.712	0.752	0.688	0.704	0.7	0.744	0.652	0.664	0.78	0.72	0.696	0.688	0.676	0.708	0.684	0.62	0.84	0.784	0.684	0.68	0.732	0.736	0.7	0.772	0.756	0.828	0.668	0.752	0.68	0.868	0.676	0.7	0.664	0.664	0.644	0.736	0.784	0.7	0.668	0.684	0.7
a52	0.828	0.764	0.668	0.784	0.688	0.696	0.764	0.724	0.792	0.672	0.672	0.62	0.712	0.704	0.692	0.66	0.696	0.732	0.768	0.724	0.72	0.744	0.744	0.68	0.716	0.72	0.728	0.8	0.744	0.772	0.724	0.768	0.756	0.712	0.7	0.772	0.712	0.768	0.78	0.764	0.732	0.756	0.776	0.896	0.76	0.704	0.764	0.756	0.744	0.772	0.768	0.68	0.652	0.648	0.78	0.724	0.684	0.672	0.7	0.676	0.628	0.716	0.66	0.712	0.728	0.728	0.716	0.656	0.0	0.68	0.74	0.7	0.78	0.796	0.772	0.732	0.78	0.668	0.716	0.764	0.728	0.696	0.692	0.712	0.72	0.68	0.716	0.784	0.704	0.732	0.684	0.664	0.736	0.712	0.684	0.824	0.752	0.732	0.704	0.692	0.748	0.712	0.748	0.752	0.836	0.66	0.684	0.644	0.84	0.74	0.708	0.68	0.708	0.712	0.736	0.696	0.728	0.696	0.692	0.7
a53	0.86	0.78	0.72	0.82	0.692	0.72	0.82	0.644	0.836	0.672	0.652	0.68	0.66	0.68	0.72	0.652	0.636	0.748	0.664	0.752	0.728	0.752	0.748	0.696	0.732	0.688	0.74	0.808	0.72	0.78	0.704	0.756	0.74	0.764	0.684	0.728	0.648	0.804	0.808	0.76	0.768	0.76	0.744	0.88	0.724	0.704	0.74	0.816	0.736	0.692	0.708	0.712	0.704	0.68	0.768	0.772	0.72	0.716	0.732	0.748	0.728	0.704	0.708	0.676	0.724	0.708	0.724	0.68	0.68	0.0	0.736	0.676	0.8	0.684	0.772	0.776	0.82	0.648	0.76	0.76	0.804	0.732	0.724	0.776	0.664	0.66	0.648	0.808	0.764	0.788	0.676	0.672	0.768	0.716	0.648	0.876	0.796	0.72	0.748	0.708	0.768	0.688	0.764	0.712	0.88	0.704	0.668	0.652	0.856	0.716	0.728	0.728	0.644	0.772	0.712	0.736	0.784	0.672	0.7	0.712
a54	0.868	0.796	0.776	0.824	0.72	0.78	0.804	0.832	0.828	0.736	0.696	0.728	0.756	0.744	0.812	0.772	0.744	0.768	0.816	0.816	0.828	0.852	0.832	0.736	0.792	0.776	0.772	0.808	0.76	0.788	0.792	0.796	0.812	0.784	0.776	0.804	0.764	0.8	0.844	0.796	0.796	0.808	0.82	0.868	0.804	0.708	0.78	0.744	0.76	0.808	0.74	0.776	0.764	0.78	0.8	0.808	0.768	0.788	0.748	0.76	0.764	0.764	0.74	0.772	0.772	0.768	0.76	0.76	0.74	0.736	0.0	0.732	0.876	0.816	0.824	0.864	0.808	0.764	0.74	0.772	0.816	0.76	0.816	0.784	0.788	0.776	0.784	0.836	0.8	0.772	0.74	0.704	0.78	0.784	0.752	0.844	0.78	0.72	0.808	0.788	0.788	0.76	0.772	0.852	0.864	0.788	0.832	0.72	0.828	0.76	0.772	0.724	0.72	0.716	0.82	0.768	0.8	0.776	0.808	0.732
a55	0.852	0.784	0.728	0.804	0.676	0.74	0.748	0.744	0.78	0.716	0.696	0.72	0.752	0.736	0.764	0.676	0.692	0.736	0.768	0.732	0.764	0.788	0.764	0.7	0.732	0.748	0.76	0.824	0.74	0.788	0.768	0.788	0.792	0.772	0.748	0.772	0.716	0.808	0.788	0.748	0.764	0.78	0.804	0.896	0.776	0.664	0.78	0.772	0.788	0.76	0.744	0.756	0.716	0.736	0.78	0.768	0.74	0.72	0.724	0.74	0.724	0.752	0.708	0.712	0.752	0.776	0.724	0.716	0.7	0.676	0.732	0.0	0.8	0.776	0.8	0.78	0.816	0.72	0.744	0.78	0.792	0.728	0.736	0.732	0.756	0.692	0.752	0.816	0.768	0.788	0.704	0.676	0.76	0.72	0.704	0.836	0.748	0.716	0.768	0.756	0.764	0.704	0.776	0.784	0.86	0.676	0.748	0.728	0.836	0.752	0.724	0.716	0.676	0.752	0.736	0.688	0.776	0.704	0.744	0.696
a56	0.868	0.8	0.784	0.816	0.816	0.8	0.852	0.732	0.824	0.8	0.836	0.796	0.82	0.828	0.744	0.776	0.844	0.792	0.804	0.7	0.684	0.728	0.752	0.816	0.792	0.856	0.84	0.924	0.848	0.876	0.824	0.888	0.852	0.832	0.824	0.856	0.792	0.888	0.824	0.86	0.812	0.852	0.864	0.96	0.88	0.82	0.876	0.888	0.868	0.844	0.836	0.82	0.772	0.728	0.9	0.8	0.792	0.708	0.784	0.84	0.784	0.824	0.8	0.832	0.844	0.796	0.808	0.808	0.78	0.8	0.876	0.8	0.0	0.788	0.86	0.652	0.932	0.724	0.848	0.892	0.792	0.808	0.728	0.848	0.82	0.788	0.804	0.852	0.8	0.856	0.744	0.812	0.816	0.82	0.812	0.864	0.836	0.848	0.796	0.796	0.788	0.776	0.844	0.744	0.82	0.76	0.724	0.76	0.752	0.796	0.688	0.808	0.796	0.868	0.812	0.792	0.844	0.788	0.832	0.808
a57	0.82	0.84	0.756	0.864	0.756	0.772	0.864	0.696	0.852	0.756	0.788	0.748	0.692	0.792	0.788	0.752	0.788	0.796	0.684	0.792	0.788	0.796	0.812	0.768	0.752	0.768	0.776	0.86	0.788	0.824	0.8	0.8	0.772	0.772	0.724	0.736	0.76	0.808	0.868	0.772	0.74	0.756	0.752	0.888	0.752	0.76	0.804	0.828	0.78	0.568	0.796	0.772	0.772	0.744	0.792	0.788	0.756	0.732	0.748	0.808	0.744	0.772	0.756	0.768	0.8	0.732	0.764	0.752	0.796	0.684	0.816	0.776	0.788	0.0	0.8	0.804	0.816	0.676	0.804	0.796	0.82	0.76	0.744	0.804	0.736	0.78	0.62	0.8	0.804	0.82	0.704	0.76	0.784	0.732	0.736	0.908	0.844	0.8	0.78	0.832	0.796	0.748	0.836	0.656	0.892	0.784	0.688	0.7	0.888	0.744	0.756	0.788	0.748	0.824	0.744	0.776	0.812	0.788	0.768	0.764
a58	0.836	0.816	0.808	0.848	0.776	0.784	0.848	0.804	0.836	0.788	0.804	0.796	0.784	0.808	0.788	0.808	0.82	0.8	0.752	0.84	0.82	0.828	0.832	0.804	0.756	0.832	0.856	0.888	0.812	0.832	0.828	0.816	0.844	0.836	0.808	0.828	0.812	0.836	0.864	0.82	0.784	0.844	0.84	0.92	0.848	0.788	0.848	0.828	0.848	0.76	0.836	0.788	0.796	0.82	0.88	0.804	0.824	0.76	0.78	0.804	0.784	0.832	0.76	0.776	0.792	0.768	0.808	0.784	0.772	0.772	0.824	0.8	0.86	0.8	0.0	0.86	0.868	0.772	0.808	0.824	0.848	0.78	0.812	0.836	0.66	0.8	0.78	0.84	0.784	0.832	0.768	0.78	0.792	0.82	0.784	0.892	0.816	0.792	0.792	0.784	0.816	0.82	0.856	0.78	0.88	0.812	0.772	0.78	0.872	0.768	0.756	0.824	0.788	0.824	0.764	0.812	0.84	0.784	0.8	0.816
a59	0.872	0.784	0.768	0.804	0.748	0.756	0.804	0.696	0.772	0.736	0.82	0.784	0.792	0.796	0.764	0.752	0.82	0.804	0.756	0.636	0.676	0.684	0.716	0.792	0.764	0.824	0.844	0.928	0.836	0.836	0.804	0.88	0.864	0.816	0.788	0.856	0.812	0.868	0.784	0.848	0.82	0.872	0.868	0.964	0.86	0.788	0.86	0.864	0.852	0.832	0.84	0.744	0.756	0.728	0.884	0.796	0.748	0.708	0.768	0.82	0.792	0.828	0.772	0.836	0.844	0.816	0.812	0.74	0.732	0.776	0.864	0.78	0.652	0.804	0.86	0.0	0.912	0.648	0.776	0.844	0.764	0.768	0.712	0.848	0.78	0.748	0.78	0.864	0.784	0.836	0.772	0.768	0.808	0.8	0.772	0.836	0.788	0.836	0.768	0.784	0.8	0.752	0.784	0.72	0.812	0.776	0.704	0.7	0.8	0.804	0.716	0.732	0.796	0.828	0.764	0.752	0.836	0.74	0.844	0.788
a6	0.46	0.844	0.688	0.896	0.776	0.82	0.88	0.86	0.888	0.804	0.816	0.804	0.764	0.672	0.852	0.796	0.804	0.808	0.848	0.904	0.896	0.908	0.86	0.608	0.864	0.776	0.556	0.416	0.784	0.808	0.652	0.524	0.512	0.552	0.672	0.54	0.772	0.564	0.864	0.464	0.696	0.684	0.692	0.452	0.516	0.804	0.54	0.752	0.488	0.788	0.608	0.84	0.74	0.68	0.428	0.848	0.832	0.856	0.648	0.744	0.796	0.62	0.792	0.78	0.8	0.608	0.632	0.764	0.78	0.82	0.808	0.816	0.932	0.816	0.868	0.912	0.0	0.836	0.788	0.432	0.86	0.736	0.852	0.644	0.8	0.724	0.72	0.472	0.852	0.632	0.8	0.784	0.648	0.632	0.776	0.9	0.844	0.704	0.616	0.84	0.804	0.796	0.868	0.868	0.908	0.796	0.84	0.792	0.916	0.744	0.816	0.8	0.708	0.724	0.82	0.84	0.612	0.808	0.524	0.772
a60	0.832	0.788	0.648	0.752	0.72	0.716	0.808	0.664	0.78	0.692	0.72	0.668	0.708	0.724	0.708	0.676	0.716	0.756	0.656	0.652	0.632	0.688	0.712	0.728	0.692	0.72	0.764	0.848	0.768	0.796	0.724	0.772	0.768	0.772	0.68	0.776	0.712	0.84	0.792	0.792	0.74	0.796	0.788	0.912	0.768	0.684	0.804	0.78	0.796	0.744	0.768	0.668	0.704	0.66	0.784	0.752	0.684	0.66	0.724	0.756	0.708	0.736	0.712	0.708	0.768	0.732	0.72	0.7	0.668	0.648	0.764	0.72	0.724	0.676	0.772	0.648	0.836	0.0	0.756	0.752	0.744	0.692	0.688	0.78	0.668	0.712	0.704	0.756	0.704	0.8	0.7	0.692	0.756	0.716	0.684	0.844	0.76	0.756	0.74	0.712	0.76	0.7	0.788	0.668	0.82	0.684	0.632	0.624	0.828	0.696	0.656	0.696	0.684	0.764	0.644	0.7	0.764	0.672	0.768	0.696
a61	0.8	0.792	0.7	0.812	0.716	0.684	0.804	0.796	0.792	0.712	0.712	0.688	0.74	0.624	0.692	0.728	0.776	0.728	0.8	0.776	0.792	0.828	0.736	0.712	0.812	0.732	0.724	0.752	0.748	0.736	0.756	0.748	0.756	0.744	0.704	0.712	0.72	0.724	0.812	0.744	0.728	0.724	0.716	0.84	0.716	0.672	0.712	0.752	0.708	0.816	0.68	0.74	0.692	0.684	0.76	0.74	0.696	0.748	0.688	0.644	0.736	0.676	0.74	0.688	0.712	0.724	0.652	0.64	0.716	0.76	0.74	0.744	0.848	0.804	0.808	0.776	0.788	0.756	0.0	0.728	0.748	0.652	0.756	0.692	0.804	0.7	0.7	0.788	0.768	0.7	0.732	0.692	0.744	0.728	0.688	0.824	0.756	0.7	0.712	0.748	0.764	0.76	0.744	0.828	0.864	0.692	0.784	0.708	0.848	0.704	0.796	0.672	0.676	0.684	0.756	0.808	0.724	0.712	0.74	0.7
a62	0.5	0.8	0.652	0.88	0.724	0.74	0.852	0.812	0.86	0.764	0.748	0.752	0.728	0.576	0.788	0.76	0.748	0.792	0.792	0.824	0.792	0.84	0.792	0.592	0.792	0.76	0.54	0.472	0.764	0.78	0.64	0.52	0.512	0.576	0.656	0.54	0.752	0.556	0.844	0.484	0.684	0.716	0.732	0.528	0.52	0.756	0.532	0.716	0.492	0.812	0.568	0.772	0.676	0.612	0.448	0.808	0.768	0.784	0.6	0.724	0.752	0.584	0.756	0.776	0.808	0.588	0.576	0.712	0.764	0.76	0.772	0.78	0.892	0.796	0.824	0.844	0.432	0.752	0.728	0.0	0.816	0.66	0.816	0.616	0.776	0.676	0.676	0.48	0.816	0.608	0.728	0.716	0.624	0.596	0.724	0.86	0.784	0.644	0.56	0.8	0.788	0.792	0.808	0.808	0.868	0.748	0.828	0.712	0.896	0.724	0.76	0.728	0.636	0.724	0.796	0.788	0.584	0.724	0.496	0.724
a63	0.836	0.792	0.752	0.788	0.784	0.776	0.788	0.772	0.736	0.74	0.804	0.756	0.776	0.792	0.74	0.776	0.796	0.804	0.82	0.764	0.784	0.8	0.748	0.776	0.784	0.804	0.808	0.86	0.788	0.824	0.816	0.828	0.828	0.824	0.792	0.812	0.812	0.86	0.788	0.804	0.808	0.84	0.804	0.908	0.8	0.756	0.836	0.788	0.796	0.844	0.808	0.724	0.736	0.752	0.84	0.772	0.74	0.732	0.732	0.776	0.784	0.788	0.768	0.796	0.804	0.784	0.768	0.752	0.728	0.804	0.816	0.792	0.792	0.82	0.848	0.764	0.86	0.744	0.748	0.816	0.0	0.752	0.78	0.788	0.764	0.744	0.804	0.836	0.732	0.78	0.732	0.772	0.8	0.78	0.756	0.824	0.752	0.816	0.768	0.752	0.764	0.784	0.776	0.76	0.808	0.748	0.78	0.724	0.816	0.82	0.768	0.764	0.748	0.78	0.748	0.756	0.78	0.748	0.832	0.724
a64	0.764	0.784	0.68	0.8	0.716	0.7	0.844	0.788	0.816	0.664	0.712	0.724	0.72	0.68	0.732	0.704	0.748	0.76	0.812	0.736	0.776	0.76	0.728	0.66	0.744	0.724	0.704	0.764	0.764	0.764	0.66	0.736	0.716	0.72	0.684	0.712	0.752	0.74	0.84	0.732	0.696	0.704	0.748	0.82	0.712	0.712	0.724	0.712	0.712	0.804	0.704	0.728	0.664	0.632	0.732	0.764	0.712	0.696	0.636	0.68	0.7	0.648	0.724	0.752	0.76	0.7	0.652	0.688	0.696	0.732	0.76	0.728	0.808	0.76	0.78	0.768	0.736	0.692	0.652	0.66	0.752	0.0	0.732	0.676	0.72	0.676	0.672	0.728	0.78	0.692	0.676	0.684	0.708	0.664	0.712	0.852	0.796	0.672	0.712	0.748	0.752	0.756	0.74	0.78	0.864	0.692	0.764	0.632	0.864	0.708	0.744	0.664	0.672	0.7	0.7	0.772	0.708	0.696	0.704	0.704
a65	0.884	0.824	0.724	0.816	0.764	0.776	0.788	0.672	0.808	0.676	0.772	0.74	0.744	0.76	0.732	0.692	0.756	0.764	0.704	0.684	0.72	0.732	0.736	0.724	0.732	0.756	0.764	0.868	0.804	0.804	0.82	0.84	0.796	0.812	0.74	0.824	0.748	0.84	0.816	0.816	0.78	0.828	0.816	0.928	0.816	0.74	0.832	0.84	0.784	0.772	0.812	0.708	0.688	0.668	0.852	0.788	0.736	0.672	0.744	0.768	0.712	0.804	0.776	0.816	0.828	0.78	0.748	0.704	0.692	0.724	0.816	0.736	0.728	0.744	0.812	0.712	0.852	0.688	0.756	0.816	0.78	0.732	0.0	0.792	0.732	0.684	0.764	0.824	0.784	0.792	0.696	0.732	0.804	0.74	0.76	0.86	0.752	0.808	0.78	0.764	0.776	0.724	0.764	0.676	0.828	0.72	0.696	0.668	0.804	0.808	0.676	0.716	0.744	0.796	0.756	0.752	0.792	0.7	0.772	0.728
a66	0.7	0.812	0.628	0.828	0.72	0.704	0.856	0.84	0.82	0.764	0.736	0.724	0.7	0.588	0.76	0.784	0.78	0.756	0.824	0.852	0.848	0.856	0.792	0.56	0.82	0.716	0.588	0.624	0.748	0.728	0.644	0.616	0.628	0.628	0.632	0.576	0.72	0.568	0.844	0.592	0.628	0.684	0.724	0.684	0.6	0.72	0.604	0.712	0.576	0.764	0.536	0.756	0.688	0.62	0.6	0.772	0.768	0.796	0.584	0.648	0.728	0.56	0.724	0.736	0.724	0.6	0.584	0.7	0.712	0.776	0.784	0.732	0.848	0.804	0.836	0.848	0.644	0.78	0.692	0.616	0.788	0.676	0.792	0.0	0.732	0.68	0.656	0.652	0.772	0.588	0.756	0.692	0.604	0.572	0.696	0.856	0.784	0.704	0.628	0.792	0.768	0.76	0.788	0.824	0.888	0.748	0.808	0.728	0.9	0.728	0.784	0.748	0.664	0.708	0.78	0.784	0.64	0.708	0.588	0.732
a67	0.84	0.808	0.688	0.792	0.692	0.72	0.868	0.708	0.836	0.692	0.708	0.648	0.656	0.764	0.792	0.728	0.72	0.764	0.764	0.772	0.776	0.812	0.804	0.696	0.748	0.676	0.744	0.832	0.776	0.76	0.736	0.744	0.764	0.788	0.724	0.724	0.708	0.776	0.864	0.736	0.728	0.74	0.752	0.864	0.756	0.688	0.72	0.816	0.736	0.668	0.7	0.704	0.736	0.704	0.752	0.744	0.732	0.728	0.736	0.724	0.716	0.736	0.728	0.684	0.736	0.7	0.752	0.744	0.72	0.664	0.788	0.756	0.82	0.736	0.66	0.78	0.8	0.668	0.804	0.776	0.764	0.72	0.732	0.732	0.0	0.732	0.688	0.78	0.772	0.776	0.688	0.676	0.792	0.728	0.664	0.908	0.816	0.736	0.74	0.732	0.74	0.736	0.784	0.752	0.888	0.732	0.748	0.684	0.852	0.724	0.74	0.756	0.724	0.748	0.672	0.668	0.756	0.72	0.74	0.736
a68	0.784	0.784	0.624	0.832	0.756	0.736	0.812	0.7	0.804	0.704	0.74	0.716	0.724	0.624	0.66	0.712	0.7	0.74	0.724	0.712	0.716	0.764	0.712	0.628	0.744	0.732	0.684	0.756	0.748	0.784	0.688	0.696	0.708	0.7	0.624	0.668	0.72	0.708	0.772	0.664	0.696	0.716	0.72	0.804	0.672	0.724	0.672	0.736	0.676	0.764	0.648	0.744	0.572	0.6	0.7	0.764	0.744	0.716	0.616	0.688	0.708	0.664	0.704	0.764	0.772	0.656	0.636	0.652	0.68	0.66	0.776	0.692	0.788	0.78	0.8	0.748	0.724	0.712	0.7	0.676	0.744	0.676	0.684	0.68	0.732	0.0	0.656	0.7	0.756	0.676	0.704	0.696	0.668	0.62	0.708	0.852	0.816	0.692	0.6	0.764	0.772	0.712	0.76	0.704	0.836	0.704	0.692	0.66	0.84	0.724	0.732	0.68	0.656	0.688	0.756	0.748	0.7	0.664	0.644	0.704
a69	0.756	0.796	0.604	0.876	0.676	0.716	0.856	0.672	0.868	0.76	0.704	0.684	0.664	0.648	0.76	0.7	0.764	0.756	0.696	0.776	0.78	0.804	0.78	0.62	0.74	0.656	0.664	0.712	0.732	0.74	0.656	0.664	0.672	0.676	0.588	0.612	0.7	0.7	0.84	0.632	0.612	0.58	0.616	0.772	0.652	0.736	0.636	0.748	0.656	0.616	0.632	0.764	0.696	0.608	0.66	0.788	0.76	0.76	0.648	0.652	0.66	0.652	0.716	0.668	0.7	0.636	0.692	0.664	0.716	0.648	0.784	0.752	0.804	0.62	0.78	0.78	0.72	0.704	0.7	0.676	0.804	0.672	0.764	0.656	0.688	0.656	0.0	0.712	0.776	0.708	0.648	0.704	0.692	0.648	0.648	0.896	0.816	0.68	0.656	0.784	0.768	0.736	0.808	0.752	0.892	0.732	0.684	0.66	0.88	0.644	0.772	0.76	0.656	0.72	0.74	0.768	0.744	0.712	0.62	0.748
a7	0.52	0.788	0.68	0.868	0.772	0.804	0.88	0.82	0.896	0.832	0.816	0.788	0.752	0.648	0.764	0.784	0.796	0.816	0.812	0.84	0.832	0.88	0.832	0.624	0.832	0.8	0.548	0.528	0.768	0.828	0.672	0.524	0.516	0.552	0.648	0.532	0.784	0.612	0.824	0.492	0.64	0.7	0.732	0.568	0.52	0.824	0.572	0.748	0.512	0.76	0.62	0.816	0.732	0.68	0.464	0.792	0.82	0.816	0.644	0.752	0.78	0.656	0.784	0.772	0.816	0.584	0.632	0.78	0.784	0.808	0.836	0.816	0.852	0.8	0.84	0.864	0.472	0.756	0.788	0.48	0.836	0.728	0.824	0.652	0.78	0.7	0.712	0.0	0.808	0.652	0.796	0.808	0.64	0.62	0.796	0.896	0.836	0.708	0.58	0.828	0.832	0.824	0.86	0.832	0.888	0.808	0.828	0.768	0.848	0.712	0.836	0.796	0.724	0.752	0.8	0.82	0.62	0.752	0.536	0.776
a70	0.808	0.696	0.74	0.712	0.8	0.764	0.772	0.8	0.768	0.776	0.76	0.748	0.768	0.712	0.732	0.792	0.788	0.816	0.788	0.78	0.792	0.812	0.752	0.74	0.776	0.784	0.812	0.848	0.748	0.836	0.764	0.82	0.804	0.808	0.8	0.808	0.808	0.836	0.768	0.816	0.776	0.824	0.808	0.904	0.82	0.728	0.832	0.772	0.804	0.796	0.764	0.764	0.736	0.74	0.84	0.752	0.724	0.748	0.748	0.696	0.72	0.752	0.696	0.768	0.78	0.756	0.736	0.72	0.704	0.764	0.8	0.768	0.8	0.804	0.784	0.784	0.852	0.704	0.768	0.816	0.732	0.78	0.784	0.772	0.772	0.756	0.776	0.808	0.0	0.764	0.724	0.74	0.788	0.752	0.74	0.812	0.78	0.748	0.76	0.756	0.808	0.772	0.8	0.792	0.812	0.752	0.788	0.76	0.82	0.76	0.728	0.78	0.72	0.736	0.728	0.7	0.76	0.712	0.796	0.776
a71	0.68	0.804	0.652	0.82	0.752	0.744	0.832	0.832	0.824	0.788	0.744	0.744	0.764	0.58	0.768	0.732	0.772	0.728	0.812	0.828	0.812	0.86	0.796	0.604	0.812	0.744	0.608	0.632	0.756	0.796	0.664	0.616	0.608	0.6	0.648	0.608	0.76	0.624	0.82	0.604	0.688	0.716	0.748	0.688	0.588	0.74	0.616	0.712	0.596	0.788	0.556	0.776	0.696	0.628	0.616	0.788	0.78	0.8	0.58	0.68	0.732	0.596	0.752	0.74	0.748	0.592	0.58	0.696	0.732	0.788	0.772	0.788	0.856	0.82	0.832	0.836	0.632	0.8	0.7	0.608	0.78	0.692	0.792	0.588	0.776	0.676	0.708	0.652	0.764	0.0	0.768	0.748	0.608	0.568	0.736	0.848	0.744	0.672	0.596	0.792	0.732	0.772	0.764	0.816	0.856	0.744	0.804	0.732	0.852	0.74	0.796	0.732	0.704	0.672	0.788	0.772	0.612	0.74	0.604	0.712
a72	0.84	0.764	0.692	0.748	0.692	0.684	0.8	0.688	0.796	0.672	0.688	0.684	0.684	0.704	0.74	0.684	0.7	0.76	0.716	0.74	0.736	0.756	0.76	0.668	0.712	0.688	0.768	0.832	0.752	0.768	0.736	0.784	0.756	0.764	0.7	0.78	0.696	0.8	0.824	0.772	0.776	0.752	0.752	0.908	0.796	0.7	0.776	0.792	0.756	0.756	0.72	0.704	0.716	0.708	0.784	0.74	0.704	0.672	0.68	0.704	0.692	0.74	0.704	0.712	0.748	0.712	0.684	0.688	0.684	0.676	0.74	0.704	0.744	0.704	0.768	0.772	0.8	0.7	0.732	0.728	0.732	0.676	0.696	0.756	0.688	0.704	0.648	0.796	0.724	0.768	0.0	0.66	0.756	0.744	0.672	0.852	0.792	0.784	0.748	0.72	0.736	0.736	0.772	0.768	0.848	0.68	0.732	0.636	0.828	0.72	0.644	0.72	0.696	0.752	0.68	0.712	0.748	0.692	0.74	0.716
a73	0.824	0.8	0.688	0.808	0.64	0.656	0.828	0.76	0.764	0.688	0.656	0.624	0.652	0.668	0.752	0.696	0.664	0.696	0.772	0.772	0.748	0.756	0.768	0.632	0.772	0.676	0.708	0.784	0.776	0.72	0.72	0.756	0.768	0.776	0.696	0.736	0.66	0.748	0.8	0.74	0.724	0.732	0.76	0.88	0.74	0.66	0.736	0.764	0.732	0.756	0.68	0.712	0.676	0.68	0.764	0.752	0.692	0.728	0.704	0.648	0.668	0.692	0.66	0.656	0.664	0.732	0.68	0.676	0.664	0.672	0.704	0.676	0.812	0.76	0.78	0.768	0.784	0.692	0.692	0.716	0.772	0.684	0.732	0.692	0.676	0.696	0.704	0.808	0.74	0.748	0.66	0.0	0.752	0.724	0.632	0.844	0.772	0.7	0.708	0.704	0.732	0.7	0.752	0.776	0.856	0.668	0.744	0.656	0.848	0.684	0.696	0.672	0.656	0.704	0.708	0.704	0.752	0.68	0.76	0.696
a74	0.676	0.784	0.652	0.856	0.76	0.768	0.824	0.772	0.832	0.784	0.78	0.764	0.764	0.588	0.772	0.752	0.808	0.764	0.792	0.812	0.784	0.808	0.796	0.596	0.824	0.776	0.6	0.656	0.716	0.796	0.672	0.592	0.644	0.596	0.672	0.644	0.78	0.624	0.828	0.62	0.704	0.712	0.736	0.704	0.616	0.756	0.612	0.732	0.632	0.816	0.584	0.764	0.692	0.628	0.624	0.796	0.78	0.76	0.592	0.724	0.756	0.588	0.768	0.8	0.78	0.616	0.596	0.708	0.736	0.768	0.78	0.76	0.816	0.784	0.792	0.808	0.648	0.756	0.744	0.624	0.8	0.708	0.804	0.604	0.792	0.668	0.692	0.64	0.788	0.608	0.756	0.752	0.0	0.596	0.752	0.844	0.82	0.696	0.592	0.8	0.768	0.748	0.784	0.788	0.86	0.776	0.792	0.716	0.856	0.724	0.796	0.744	0.7	0.712	0.756	0.784	0.668	0.724	0.588	0.748
a75	0.652	0.796	0.628	0.816	0.732	0.752	0.828	0.76	0.816	0.76	0.744	0.72	0.728	0.592	0.74	0.692	0.752	0.756	0.744	0.796	0.772	0.8	0.78	0.572	0.768	0.724	0.592	0.636	0.728	0.812	0.608	0.612	0.58	0.572	0.624	0.572	0.728	0.624	0.812	0.58	0.66	0.696	0.696	0.696	0.568	0.72	0.604	0.716	0.572	0.752	0.584	0.756	0.648	0.592	0.588	0.764	0.728	0.74	0.532	0.712	0.732	0.584	0.724	0.732	0.748	0.572	0.552	0.684	0.712	0.716	0.784	0.72	0.82	0.732	0.82	0.8	0.632	0.716	0.728	0.596	0.78	0.664	0.74	0.572	0.728	0.62	0.648	0.62	0.752	0.568	0.744	0.724	0.596	0.0	0.728	0.892	0.772	0.652	0.592	0.792	0.768	0.72	0.78	0.764	0.84	0.684	0.748	0.66	0.888	0.732	0.744	0.732	0.644	0.724	0.768	0.756	0.624	0.684	0.584	0.712
a76	0.824	0.764	0.66	0.772	0.644	0.696	0.836	0.768	0.812	0.724	0.672	0.648	0.64	0.66	0.728	0.68	0.664	0.736	0.756	0.808	0.784	0.824	0.776	0.672	0.796	0.68	0.704	0.744	0.756	0.68	0.68	0.708	0.74	0.78	0.672	0.704	0.604	0.716	0.812	0.72	0.704	0.664	0.664	0.86	0.688	0.644	0.644	0.76	0.716	0.72	0.692	0.684	0.704	0.7	0.756	0.764	0.68	0.724	0.708	0.676	0.664	0.66	0.68	0.592	0.672	0.724	0.672	0.62	0.684	0.648	0.752	0.704	0.812	0.736	0.784	0.772	0.776	0.684	0.688	0.724	0.756	0.712	0.76	0.696	0.664	0.708	0.648	0.796	0.74	0.736	0.672	0.632	0.752	0.728	0.0	0.86	0.792	0.688	0.704	0.692	0.748	0.692	0.76	0.74	0.868	0.676	0.704	0.672	0.872	0.628	0.732	0.708	0.664	0.688	0.688	0.728	0.768	0.692	0.676	0.692
a77	0.912	0.828	0.864	0.84	0.84	0.824	0.78	0.876	0.776	0.86	0.844	0.82	0.864	0.84	0.844	0.88	0.856	0.84	0.888	0.84	0.888	0.872	0.892	0.884	0.856	0.876	0.892	0.896	0.892	0.804	0.852	0.864	0.904	0.864	0.872	0.896	0.892	0.868	0.812	0.892	0.876	0.884	0.88	0.952	0.888	0.844	0.924	0.84	0.864	0.916	0.848	0.828	0.848	0.876	0.916	0.808	0.832	0.812	0.848	0.84	0.844	0.856	0.808	0.856	0.816	0.872	0.852	0.84	0.824	0.876	0.844	0.836	0.864	0.908	0.892	0.836	0.9	0.844	0.824	0.86	0.824	0.852	0.86	0.856	0.908	0.852	0.896	0.896	0.812	0.848	0.852	0.844	0.844	0.892	0.86	0.0	0.732	0.832	0.9	0.848	0.812	0.864	0.844	0.896	0.816	0.84	0.888	0.88	0.828	0.86	0.848	0.8	0.84	0.804	0.868	0.844	0.872	0.86	0.904	0.812
a78	0.86	0.784	0.78	0.836	0.756	0.776	0.752	0.796	0.724	0.792	0.74	0.764	0.796	0.776	0.784	0.752	0.78	0.768	0.8	0.824	0.824	0.856	0.844	0.776	0.816	0.788	0.808	0.836	0.836	0.772	0.788	0.82	0.812	0.78	0.804	0.78	0.78	0.82	0.804	0.8	0.82	0.832	0.8	0.896	0.792	0.752	0.832	0.724	0.816	0.816	0.764	0.776	0.776	0.824	0.856	0.788	0.804	0.788	0.732	0.752	0.796	0.8	0.772	0.776	0.76	0.792	0.78	0.784	0.752	0.796	0.78	0.748	0.836	0.844	0.816	0.788	0.844	0.76	0.756	0.784	0.752	0.796	0.752	0.784	0.816	0.816	0.816	0.836	0.78	0.744	0.792	0.772	0.82	0.772	0.792	0.732	0.0	0.732	0.796	0.788	0.724	0.776	0.772	0.844	0.78	0.74	0.82	0.764	0.784	0.784	0.768	0.752	0.756	0.752	0.816	0.792	0.844	0.764	0.836	0.748
a79	0.756	0.768	0.676	0.848	0.716	0.764	0.824	0.804	0.82	0.772	0.712	0.756	0.744	0.656	0.792	0.74	0.74	0.764	0.776	0.82	0.82	0.844	0.804	0.636	0.812	0.772	0.672	0.704	0.74	0.776	0.648	0.68	0.668	0.696	0.672	0.648	0.732	0.704	0.812	0.676	0.672	0.688	0.704	0.76	0.652	0.712	0.652	0.716	0.696	0.708	0.648	0.78	0.688	0.692	0.7	0.756	0.784	0.796	0.648	0.72	0.74	0.664	0.688	0.692	0.716	0.664	0.688	0.684	0.732	0.72	0.72	0.716	0.848	0.8	0.792	0.836	0.704	0.756	0.7	0.644	0.816	0.672	0.808	0.704	0.736	0.692	0.68	0.708	0.748	0.672	0.784	0.7	0.696	0.652	0.688	0.832	0.732	0.0	0.696	0.78	0.772	0.768	0.804	0.848	0.868	0.748	0.768	0.708	0.832	0.7	0.772	0.748	0.648	0.696	0.796	0.768	0.724	0.72	0.668	0.748
a8	0.644	0.776	0.628	0.86	0.74	0.748	0.84	0.752	0.836	0.768	0.756	0.744	0.744	0.576	0.696	0.732	0.72	0.756	0.76	0.768	0.776	0.792	0.764	0.58	0.788	0.744	0.576	0.652	0.748	0.836	0.636	0.568	0.564	0.56	0.628	0.532	0.728	0.6	0.808	0.564	0.652	0.712	0.72	0.672	0.544	0.768	0.568	0.74	0.572	0.748	0.6	0.788	0.636	0.604	0.6	0.808	0.76	0.792	0.612	0.676	0.692	0.584	0.708	0.74	0.772	0.536	0.58	0.68	0.704	0.748	0.808	0.768	0.796	0.78	0.792	0.768	0.616	0.74	0.712	0.56	0.768	0.712	0.78	0.628	0.74	0.6	0.656	0.58	0.76	0.596	0.748	0.708	0.592	0.592	0.704	0.9	0.796	0.696	0.0	0.768	0.784	0.74	0.8	0.752	0.864	0.74	0.72	0.692	0.872	0.736	0.752	0.72	0.708	0.716	0.748	0.796	0.604	0.7	0.524	0.724
a80	0.86	0.796	0.712	0.748	0.708	0.74	0.824	0.736	0.816	0.748	0.748	0.7	0.736	0.772	0.74	0.732	0.744	0.8	0.772	0.772	0.764	0.804	0.748	0.768	0.756	0.776	0.82	0.888	0.76	0.848	0.772	0.804	0.848	0.844	0.764	0.812	0.764	0.808	0.832	0.812	0.8	0.824	0.844	0.92	0.808	0.74	0.804	0.82	0.796	0.78	0.792	0.736	0.772	0.74	0.84	0.816	0.772	0.744	0.804	0.772	0.76	0.76	0.76	0.752	0.78	0.784	0.78	0.732	0.692	0.708	0.788	0.756	0.796	0.832	0.784	0.784	0.84	0.712	0.748	0.8	0.752	0.748	0.764	0.792	0.732	0.764	0.784	0.828	0.756	0.792	0.72	0.704	0.8	0.792	0.692	0.848	0.788	0.78	0.768	0.0	0.764	0.788	0.752	0.748	0.848	0.728	0.756	0.72	0.84	0.804	0.74	0.728	0.74	0.764	0.708	0.704	0.776	0.752	0.82	0.752
a81	0.852	0.8	0.736	0.868	0.74	0.748	0.788	0.784	0.792	0.74	0.764	0.716	0.74	0.772	0.78	0.728	0.748	0.724	0.816	0.832	0.776	0.86	0.872	0.736	0.792	0.752	0.772	0.808	0.812	0.796	0.708	0.772	0.8	0.768	0.764	0.776	0.744	0.812	0.776	0.776	0.796	0.776	0.788	0.868	0.764	0.752	0.78	0.776	0.772	0.784	0.74	0.76	0.788	0.756	0.804	0.78	0.78	0.784	0.736	0.736	0.728	0.784	0.748	0.772	0.752	0.772	0.756	0.736	0.748	0.768	0.788	0.764	0.788	0.796	0.816	0.8	0.804	0.76	0.764	0.788	0.764	0.752	0.776	0.768	0.74	0.772	0.768	0.832	0.808	0.732	0.736	0.732	0.768	0.768	0.748	0.812	0.724	0.772	0.784	0.764	0.0	0.76	0.768	0.808	0.84	0.724	0.804	0.764	0.792	0.764	0.724	0.732	0.744	0.756	0.8	0.772	0.812	0.74	0.764	0.716
a82	0.864	0.8	0.752	0.832	0.728	0.736	0.804	0.736	0.78	0.672	0.672	0.736	0.744	0.74	0.74	0.696	0.68	0.748	0.748	0.744	0.72	0.752	0.796	0.712	0.744	0.716	0.74	0.808	0.756	0.788	0.772	0.808	0.776	0.74	0.724	0.728	0.696	0.796	0.832	0.764	0.796	0.776	0.78	0.864	0.732	0.716	0.792	0.8	0.752	0.748	0.776	0.74	0.72	0.72	0.768	0.828	0.708	0.756	0.688	0.768	0.708	0.76	0.696	0.752	0.716	0.764	0.744	0.7	0.712	0.688	0.76	0.704	0.776	0.748	0.82	0.752	0.796	0.7	0.76	0.792	0.784	0.756	0.724	0.76	0.736	0.712	0.736	0.824	0.772	0.772	0.736	0.7	0.748	0.72	0.692	0.864	0.776	0.768	0.74	0.788	0.76	0.0	0.704	0.708	0.86	0.724	0.72	0.692	0.84	0.796	0.728	0.744	0.704	0.76	0.756	0.772	0.828	0.716	0.708	0.692
a83	0.868	0.808	0.8	0.844	0.744	0.752	0.82	0.8	0.808	0.708	0.764	0.736	0.788	0.772	0.752	0.724	0.772	0.788	0.808	0.776	0.812	0.824	0.816	0.78	0.776	0.784	0.8	0.892	0.772	0.792	0.816	0.84	0.84	0.812	0.804	0.84	0.8	0.808	0.824	0.828	0.804	0.84	0.852	0.908	0.824	0.796	0.86	0.82	0.812	0.816	0.792	0.732	0.796	0.8	0.828	0.8	0.808	0.732	0.788	0.764	0.756	0.808	0.76	0.792	0.764	0.796	0.804	0.772	0.748	0.764	0.772	0.776	0.844	0.836	0.856	0.784	0.868	0.788	0.744	0.808	0.776	0.74	0.764	0.788	0.784	0.76	0.808	0.86	0.8	0.764	0.772	0.752	0.784	0.78	0.76	0.844	0.772	0.804	0.8	0.752	0.768	0.704	0.0	0.824	0.836	0.76	0.784	0.76	0.828	0.796	0.788	0.728	0.752	0.788	0.804	0.776	0.816	0.776	0.828	0.78
a84	0.848	0.832	0.748	0.828	0.784	0.768	0.848	0.648	0.776	0.664	0.824	0.74	0.76	0.808	0.708	0.728	0.772	0.804	0.608	0.7	0.712	0.696	0.692	0.776	0.684	0.824	0.82	0.9	0.804	0.892	0.816	0.868	0.848	0.816	0.74	0.8	0.752	0.872	0.8	0.808	0.764	0.824	0.816	0.948	0.808	0.78	0.856	0.848	0.832	0.776	0.836	0.772	0.748	0.676	0.844	0.812	0.764	0.68	0.756	0.812	0.76	0.812	0.78	0.788	0.856	0.796	0.768	0.756	0.752	0.712	0.852	0.784	0.744	0.656	0.78	0.72	0.868	0.668	0.828	0.808	0.76	0.78	0.676	0.824	0.752	0.704	0.752	0.832	0.792	0.816	0.768	0.776	0.788	0.764	0.74	0.896	0.844	0.848	0.752	0.748	0.808	0.708	0.824	0.0	0.848	0.76	0.576	0.688	0.848	0.8	0.716	0.772	0.756	0.844	0.776	0.78	0.812	0.732	0.76	0.768
a85	0.892	0.852	0.84	0.864	0.816	0.82	0.8	0.876	0.752	0.868	0.828	0.852	0.868	0.872	0.856	0.816	0.844	0.876	0.872	0.848	0.82	0.856	0.876	0.864	0.852	0.848	0.896	0.908	0.9	0.88	0.86	0.896	0.888	0.864	0.848	0.896	0.856	0.912	0.796	0.88	0.884	0.908	0.868	0.956	0.868	0.856	0.924	0.84	0.9	0.896	0.852	0.844	0.828	0.84	0.892	0.848	0.84	0.804	0.84	0.876	0.868	0.86	0.824	0.868	0.852	0.872	0.888	0.828	0.836	0.88	0.864	0.86	0.82	0.892	0.88	0.812	0.908	0.82	0.864	0.868	0.808	0.864	0.828	0.888	0.888	0.836	0.892	0.888	0.812	0.856	0.848	0.856	0.86	0.84	0.868	0.816	0.78	0.868	0.864	0.848	0.84	0.86	0.836	0.848	0.0	0.788	0.876	0.848	0.808	0.844	0.8	0.796	0.84	0.856	0.88	0.86	0.88	0.868	0.9	0.832
a86	0.816	0.776	0.712	0.808	0.716	0.732	0.8	0.74	0.788	0.732	0.732	0.672	0.748	0.704	0.728	0.64	0.704	0.748	0.756	0.764	0.712	0.772	0.76	0.684	0.744	0.716	0.788	0.82	0.768	0.76	0.728	0.8	0.764	0.792	0.712	0.744	0.696	0.808	0.768	0.74	0.792	0.78	0.752	0.888	0.72	0.72	0.792	0.788	0.748	0.776	0.768	0.748	0.72	0.684	0.772	0.74	0.704	0.696	0.692	0.716	0.672	0.744	0.668	0.72	0.76	0.78	0.692	0.668	0.66	0.704	0.788	0.676	0.76	0.784	0.812	0.776	0.796	0.684	0.692	0.748	0.748	0.692	0.72	0.748	0.732	0.704	0.732	0.808	0.752	0.744	0.68	0.668	0.776	0.684	0.676	0.84	0.74	0.748	0.74	0.728	0.724	0.724	0.76	0.76	0.788	0.0	0.708	0.684	0.8	0.76	0.708	0.704	0.712	0.78	0.724	0.724	0.74	0.664	0.732	0.692
a87	0.836	0.804	0.744	0.84	0.748	0.78	0.804	0.676	0.804	0.712	0.796	0.74	0.724	0.768	0.728	0.7	0.744	0.796	0.628	0.68	0.676	0.708	0.74	0.768	0.696	0.788	0.808	0.884	0.788	0.856	0.776	0.82	0.792	0.816	0.744	0.76	0.74	0.848	0.804	0.788	0.772	0.804	0.808	0.928	0.764	0.78	0.824	0.84	0.804	0.72	0.82	0.764	0.712	0.688	0.824	0.796	0.8	0.708	0.74	0.796	0.7	0.764	0.72	0.744	0.78	0.752	0.78	0.752	0.684	0.668	0.832	0.748	0.724	0.688	0.772	0.704	0.84	0.632	0.784	0.828	0.78	0.764	0.696	0.808	0.748	0.692	0.684	0.828	0.788	0.804	0.732	0.744	0.792	0.748	0.704	0.888	0.82	0.768	0.72	0.756	0.804	0.72	0.784	0.576	0.876	0.708	0.0	0.668	0.828	0.74	0.688	0.784	0.748	0.852	0.74	0.724	0.816	0.74	0.748	0.796
a88	0.784	0.748	0.688	0.796	0.708	0.716	0.812	0.668	0.816	0.608	0.676	0.716	0.672	0.724	0.7	0.668	0.696	0.72	0.708	0.656	0.66	0.696	0.612	0.656	0.7	0.724	0.716	0.824	0.72	0.788	0.7	0.768	0.716	0.74	0.712	0.728	0.732	0.78	0.78	0.752	0.696	0.736	0.748	0.864	0.708	0.692	0.736	0.744	0.712	0.74	0.728	0.676	0.64	0.592	0.764	0.72	0.724	0.628	0.68	0.736	0.684	0.704	0.688	0.728	0.756	0.66	0.72	0.68	0.644	0.652	0.72	0.728	0.76	0.7	0.78	0.7	0.792	0.624	0.708	0.712	0.724	0.632	0.668	0.728	0.684	0.66	0.66	0.768	0.76	0.732	0.636	0.656	0.716	0.66	0.672	0.88	0.764	0.708	0.692	0.72	0.764	0.692	0.76	0.688	0.848	0.684	0.668	0.0	0.808	0.712	0.696	0.66	0.668	0.732	0.696	0.712	0.764	0.668	0.744	0.7
a89	0.908	0.812	0.86	0.848	0.848	0.828	0.808	0.852	0.768	0.816	0.844	0.836	0.868	0.856	0.832	0.84	0.88	0.792	0.836	0.78	0.808	0.828	0.828	0.832	0.844	0.856	0.884	0.936	0.84	0.86	0.868	0.904	0.892	0.848	0.876	0.896	0.848	0.892	0.776	0.896	0.856	0.896	0.88	0.956	0.884	0.82	0.916	0.816	0.904	0.864	0.86	0.852	0.856	0.848	0.888	0.816	0.868	0.812	0.84	0.852	0.812	0.9	0.856	0.876	0.864	0.84	0.868	0.868	0.84	0.856	0.828	0.836	0.752	0.888	0.872	0.8	0.916	0.828	0.848	0.896	0.816	0.864	0.804	0.9	0.852	0.84	0.88	0.848	0.82	0.852	0.828	0.848	0.856	0.888	0.872	0.828	0.784	0.832	0.872	0.84	0.792	0.84	0.828	0.848	0.808	0.8	0.828	0.808	0.0	0.82	0.792	0.816	0.852	0.852	0.84	0.82	0.896	0.82	0.908	0.804
a9	0.792	0.752	0.676	0.848	0.648	0.692	0.852	0.788	0.848	0.748	0.712	0.712	0.652	0.704	0.772	0.74	0.716	0.724	0.788	0.824	0.812	0.852	0.8	0.688	0.784	0.716	0.652	0.74	0.748	0.684	0.696	0.652	0.724	0.708	0.644	0.688	0.656	0.724	0.808	0.668	0.672	0.608	0.652	0.848	0.684	0.712	0.612	0.748	0.756	0.728	0.664	0.748	0.704	0.704	0.716	0.748	0.768	0.78	0.696	0.684	0.732	0.676	0.708	0.644	0.712	0.66	0.732	0.676	0.74	0.716	0.76	0.752	0.796	0.744	0.768	0.804	0.744	0.696	0.704	0.724	0.82	0.708	0.808	0.728	0.724	0.724	0.644	0.712	0.76	0.74	0.72	0.684	0.724	0.732	0.628	0.86	0.784	0.7	0.736	0.804	0.764	0.796	0.796	0.8	0.844	0.76	0.74	0.712	0.82	0.0	0.74	0.72	0.66	0.712	0.736	0.764	0.772	0.72	0.712	0.748
a90	0.872	0.748	0.732	0.768	0.732	0.724	0.804	0.7	0.776	0.72	0.776	0.756	0.752	0.76	0.736	0.696	0.704	0.768	0.728	0.736	0.68	0.752	0.78	0.708	0.72	0.728	0.808	0.868	0.78	0.82	0.752	0.816	0.816	0.804	0.744	0.8	0.72	0.808	0.784	0.8	0.764	0.796	0.832	0.92	0.8	0.752	0.836	0.82	0.8	0.788	0.78	0.72	0.704	0.66	0.856	0.76	0.716	0.684	0.692	0.756	0.708	0.788	0.708	0.776	0.784	0.728	0.708	0.7	0.708	0.728	0.772	0.724	0.688	0.756	0.756	0.716	0.816	0.656	0.796	0.76	0.768	0.744	0.676	0.784	0.74	0.732	0.772	0.836	0.728	0.796	0.644	0.696	0.796	0.744	0.732	0.848	0.768	0.772	0.752	0.74	0.724	0.728	0.788	0.716	0.8	0.708	0.688	0.696	0.792	0.74	0.0	0.728	0.7	0.768	0.74	0.74	0.776	0.688	0.784	0.744
a91	0.864	0.784	0.704	0.808	0.728	0.668	0.792	0.78	0.788	0.704	0.7	0.688	0.708	0.736	0.748	0.696	0.728	0.732	0.792	0.724	0.736	0.784	0.736	0.724	0.772	0.72	0.736	0.816	0.776	0.772	0.732	0.792	0.756	0.748	0.704	0.78	0.704	0.788	0.808	0.776	0.772	0.788	0.788	0.876	0.756	0.684	0.768	0.728	0.752	0.8	0.716	0.728	0.688	0.688	0.808	0.76	0.712	0.732	0.708	0.7	0.692	0.7	0.74	0.74	0.784	0.74	0.708	0.664	0.68	0.728	0.724	0.716	0.808	0.788	0.824	0.732	0.8	0.696	0.672	0.728	0.764	0.664	0.716	0.748	0.756	0.68	0.76	0.796	0.78	0.732	0.72	0.672	0.744	0.732	0.708	0.8	0.752	0.748	0.72	0.728	0.732	0.744	0.728	0.772	0.796	0.704	0.784	0.66	0.816	0.72	0.728	0.0	0.664	0.676	0.752	0.76	0.76	0.7	0.74	0.684
a92	0.788	0.756	0.608	0.8	0.688	0.668	0.78	0.776	0.772	0.716	0.688	0.648	0.668	0.636	0.696	0.712	0.656	0.704	0.744	0.768	0.736	0.824	0.76	0.604	0.752	0.728	0.644	0.716	0.72	0.736	0.684	0.696	0.7	0.688	0.624	0.684	0.7	0.708	0.82	0.684	0.696	0.684	0.692	0.796	0.684	0.696	0.68	0.696	0.692	0.756	0.632	0.708	0.656	0.648	0.696	0.716	0.72	0.716	0.66	0.688	0.688	0.66	0.684	0.712	0.72	0.676	0.676	0.664	0.708	0.644	0.72	0.676	0.796	0.748	0.788	0.796	0.708	0.684	0.676	0.636	0.748	0.672	0.744	0.664	0.724	0.656	0.656	0.724	0.72	0.704	0.696	0.656	0.7	0.644	0.664	0.84	0.756	0.648	0.708	0.74	0.744	0.704	0.752	0.756	0.84	0.712	0.748	0.668	0.852	0.66	0.7	0.664	0.0	0.664	0.732	0.764	0.684	0.648	0.66	0.672
a93	0.776	0.8	0.664	0.78	0.724	0.716	0.788	0.852	0.804	0.764	0.704	0.728	0.704	0.672	0.756	0.776	0.788	0.732	0.856	0.848	0.804	0.876	0.8	0.68	0.828	0.744	0.692	0.712	0.752	0.716	0.688	0.7	0.744	0.716	0.7	0.72	0.736	0.708	0.808	0.716	0.692	0.692	0.716	0.812	0.728	0.66	0.72	0.688	0.684	0.804	0.656	0.7	0.7	0.712	0.752	0.76	0.684	0.784	0.648	0.644	0.692	0.648	0.696	0.712	0.728	0.692	0.668	0.644	0.712	0.772	0.716	0.752	0.868	0.824	0.824	0.828	0.724	0.764	0.684	0.724	0.78	0.7	0.796	0.708	0.748	0.688	0.72	0.752	0.736	0.672	0.752	0.704	0.712	0.724	0.688	0.804	0.752	0.696	0.716	0.764	0.756	0.76	0.788	0.844	0.856	0.78	0.852	0.732	0.852	0.712	0.768	0.676	0.664	0.0	0.744	0.76	0.728	0.732	0.72	0.7
a94	0.856	0.8	0.68	0.76	0.744	0.704	0.848	0.736	0.836	0.708	0.744	0.748	0.72	0.732	0.78	0.708	0.764	0.752	0.748	0.756	0.748	0.756	0.764	0.716	0.752	0.72	0.8	0.876	0.78	0.78	0.752	0.82	0.816	0.792	0.764	0.8	0.756	0.82	0.848	0.82	0.776	0.808	0.804	0.916	0.788	0.696	0.8	0.808	0.804	0.792	0.76	0.684	0.732	0.724	0.8	0.752	0.748	0.688	0.756	0.776	0.704	0.744	0.732	0.752	0.78	0.772	0.756	0.736	0.736	0.712	0.82	0.736	0.812	0.744	0.764	0.764	0.82	0.644	0.756	0.796	0.748	0.7	0.756	0.78	0.672	0.756	0.74	0.8	0.728	0.788	0.68	0.708	0.756	0.768	0.688	0.868	0.816	0.796	0.748	0.708	0.8	0.756	0.804	0.776	0.88	0.724	0.74	0.696	0.84	0.736	0.74	0.752	0.732	0.744	0.0	0.556	0.752	0.684	0.792	0.752
a95	0.816	0.784	0.728	0.744	0.74	0.732	0.792	0.748	0.784	0.716	0.752	0.728	0.76	0.752	0.792	0.72	0.78	0.808	0.752	0.752	0.72	0.784	0.772	0.76	0.752	0.728	0.8	0.872	0.768	0.812	0.776	0.816	0.82	0.784	0.8	0.8	0.756	0.86	0.836	0.796	0.796	0.816	0.824	0.92	0.84	0.728	0.816	0.832	0.8	0.768	0.756	0.692	0.756	0.76	0.836	0.756	0.764	0.7	0.756	0.784	0.672	0.796	0.724	0.744	0.816	0.78	0.732	0.784	0.696	0.736	0.768	0.688	0.792	0.776	0.812	0.752	0.84	0.7	0.808	0.788	0.756	0.772	0.752	0.784	0.668	0.748	0.768	0.82	0.7	0.772	0.712	0.704	0.784	0.756	0.728	0.844	0.792	0.768	0.796	0.704	0.772	0.772	0.776	0.78	0.86	0.724	0.724	0.712	0.82	0.764	0.74	0.76	0.764	0.76	0.556	0.0	0.74	0.728	0.8	0.768
a96	0.636	0.812	0.648	0.8	0.792	0.768	0.864	0.808	0.868	0.78	0.78	0.784	0.764	0.616	0.748	0.768	0.836	0.8	0.804	0.828	0.832	0.844	0.788	0.624	0.828	0.772	0.592	0.624	0.744	0.812	0.672	0.624	0.628	0.62	0.684	0.624	0.808	0.596	0.852	0.596	0.688	0.76	0.74	0.676	0.58	0.772	0.608	0.764	0.596	0.812	0.616	0.772	0.716	0.664	0.616	0.752	0.768	0.772	0.64	0.728	0.716	0.612	0.772	0.788	0.804	0.608	0.572	0.7	0.728	0.784	0.8	0.776	0.844	0.812	0.84	0.836	0.612	0.764	0.724	0.584	0.78	0.708	0.792	0.64	0.756	0.7	0.744	0.62	0.76	0.612	0.748	0.752	0.668	0.624	0.768	0.872	0.844	0.724	0.604	0.776	0.812	0.828	0.816	0.812	0.88	0.74	0.816	0.764	0.896	0.772	0.776	0.76	0.684	0.728	0.752	0.74	0.0	0.74	0.616	0.78
a97	0.824	0.764	0.66	0.784	0.744	0.668	0.824	0.724	0.812	0.712	0.72	0.676	0.712	0.664	0.704	0.648	0.704	0.744	0.732	0.732	0.744	0.76	0.764	0.672	0.76	0.712	0.768	0.792	0.736	0.788	0.736	0.784	0.76	0.764	0.696	0.732	0.708	0.788	0.8	0.752	0.804	0.792	0.792	0.88	0.748	0.676	0.764	0.776	0.772	0.776	0.692	0.716	0.696	0.676	0.784	0.724	0.704	0.748	0.66	0.7	0.684	0.712	0.724	0.76	0.764	0.744	0.66	0.668	0.696	0.672	0.776	0.704	0.788	0.788	0.784	0.74	0.808	0.672	0.712	0.724	0.748	0.696	0.7	0.708	0.72	0.664	0.712	0.752	0.712	0.74	0.692	0.68	0.724	0.684	0.692	0.86	0.764	0.72	0.7	0.752	0.74	0.716	0.776	0.732	0.868	0.664	0.74	0.668	0.82	0.72	0.688	0.7	0.648	0.732	0.684	0.728	0.74	0.0	0.712	0.676
a98	0.592	0.808	0.636	0.916	0.72	0.756	0.86	0.748	0.872	0.772	0.748	0.744	0.712	0.564	0.792	0.744	0.72	0.772	0.808	0.836	0.832	0.868	0.824	0.548	0.78	0.764	0.496	0.504	0.76	0.796	0.64	0.484	0.452	0.524	0.604	0.464	0.66	0.556	0.832	0.472	0.656	0.668	0.636	0.58	0.456	0.732	0.468	0.752	0.46	0.74	0.568	0.796	0.664	0.58	0.48	0.824	0.772	0.796	0.572	0.728	0.68	0.556	0.704	0.74	0.764	0.58	0.564	0.684	0.692	0.7	0.808	0.744	0.832	0.768	0.8	0.844	0.524	0.768	0.74	0.496	0.832	0.704	0.772	0.588	0.74	0.644	0.62	0.536	0.796	0.604	0.74	0.76	0.588	0.584	0.676	0.904	0.836	0.668	0.524	0.82	0.764	0.708	0.828	0.76	0.9	0.732	0.748	0.744	0.908	0.712	0.784	0.74	0.66	0.72	0.792	0.8	0.616	0.712	0.0	0.724
a99	0.832	0.776	0.672	0.812	0.72	0.704	0.78	0.756	0.792	0.732	0.732	0.704	0.7	0.688	0.712	0.736	0.712	0.724	0.768	0.764	0.76	0.776	0.768	0.688	0.788	0.74	0.728	0.768	0.772	0.724	0.74	0.752	0.744	0.708	0.708	0.74	0.704	0.756	0.772	0.74	0.784	0.732	0.74	0.848	0.748	0.68	0.756	0.744	0.72	0.792	0.744	0.668	0.684	0.72	0.764	0.78	0.656	0.736	0.72	0.716	0.732	0.7	0.7	0.756	0.768	0.744	0.688	0.7	0.7	0.712	0.732	0.696	0.808	0.764	0.816	0.788	0.772	0.696	0.7	0.724	0.724	0.704	0.728	0.732	0.736	0.704	0.748	0.776	0.776	0.712	0.716	0.696	0.748	0.712	0.692	0.812	0.748	0.748	0.724	0.752	0.716	0.692	0.78	0.768	0.832	0.692	0.796	0.7	0.804	0.748	0.744	0.684	0.672	0.7	0.752	0.768	0.78	0.676	0.724	0.0
