feature	a1	a2	a3	a4	a5	a6	a7	a8	a9	a10	a11	a12	a13	a14	a15	a16	a17	a18	a19	a20	a21	a22	a23	a24	a25	a26	a27	a28	a29	a30	a31	a32	a33	a34	a35	a36	a37	a38	a39	a40	a41	a42	a43	a44	a45	a46	a47	a48	a49	a50	a51	a52	a53	a54	a55	a56	a57	a58	a59	a60	a61	a62	a63	a64	a65	a66	a67	a68	a69	a70	a71	a72	a73	a74	a75	a76	a77	a78	a79	a80	a81	a82	a83	a84	a85	a86	a87	a88	a89	a90	a91	a92	a93	a94	a95	a96	a97	a98	a99	a100	a101	a102	a103	a104	a105	a106	a107	a108	a109	a110	a111	a112	a113	a114	a115	a116	a117	a118	a119	a120
Aluminium	0.00120968980817053	0.000529780460531564	0.000541536403116558	0.00112530419710442	0.000926491952952925	0.000611865068726011	0.00136466845968372	0.00132834912173536	0.000636181049484141	0.000710077988992499	0.00151348408746926	0.000680148311448678	0.000438603446627402	0.000238982518093746	0.000654075948748012	0.00118263684503021	0.00129090074266168	0.000976891217297861	0.00121276513904432	0.00102023444052536	0.000576499620893325	0.000888914348610593	0.000944453110574441	0.000728650123579462	0.00080618329459897	0.00168273361847477	0.0019755326967018	0.000542851127120283	0.00160482151084661	0.00264703663469423	0.000903510209523438	0.00127497789552758	0.00186824408040495	0.000648130797598043	0.00139732891734694	0.00174082093630768	0.00135414523278011	0.00116373719449812	0.00111277864623546	0.000372826277200715	0.000860849879054669	0.000741617285827036	0.00106641877381624	0.00107259628971148	0.000411539646600119	0.00067660696804879	0.000652087298819752	0.000646327379915559	0.00076381215554546	0.000797045019659866	0.000685452859649009	0.000688316351643008	0.00112708091953712	0.00155686057783335	0.00124903561019361	0.00066183739256901	0.00118521284996796	0.000542778265431176	0.000458347551746579	0.000801929634234911	0.00074027112670957	0.000738910001796269	0.00242365526912273	0.000932021717829089	0.00043076158012786	0.00167736945061145	0.000573260543553989	0.000548506119351937	0.000784358165815003	0.00234906561951523	0.000970728319701737	0.000858057266713171	0.00170562528648953	0.00107835450006453	0.000682253616481176	0.000676425007166835	0.00155378292454561	0.000563554969014559	0.000779211999793281	0.00143607745260994	0.000771067672360691	0.000805094743490576	0.00103765490361826	0.00132083315347643	0.00084024405184883	0.000489604915515068	0.000607552099086283	0.00085772395303745	0.00155780242396663	0.000584886452092344	0.00127656471136643	0.000961421183517016	0.000758262599006301	0.000773595563495978	0.000544228383176254	0.00148780324396117	0.00105119083958432	0.00061388794925042	0.00152265119784724	0.000679391242440966	0.000260479923989846	0.00100202827153982	0.00153553070690108	0.0022867881387645	0.000246635081840856	0.00224980818585796	0.000488565368905317	0.00102900826319344	0.00142672833933653	0.00147982663197877	0.000721362988676356	0.00043041520522613	0.00137937663837696	0.00135437286992731	0.000902697290668063	0.000680277108187043	0.000613754165923896	0.000562488029015348	0.00111022153268009	0.00073652368325214
Arsenic	0.00285463895427795	0.00864993886919844	0.0118221389830577	0.0045959764495772	0.00467087865792989	0.0273596293970774	0.00394069262412928	0.0014148857491116	0.00235134320618542	0.000658758582112288	0.000866137664565467	0.000629014603725591	0.0286845027725747	0.00142804285723487	0.0203039277013823	0.0151280410798719	0.00185746218221058	0.00699263723389212	0.00255141654273844	0.00182872289055997	0.00404955747498796	0.00328041178413398	0.0415579848708577	0.00199533796975027	0.000397282865177597	0.0054220611334764	0.000957013615007504	0.00559259299487459	0.00212440909254196	0.00134385782602342	0.00146926674813854	0.00241566228800271	0.000619378200314024	0.00644272695155833	0.000818578245955606	0.00199218413159133	0.00113092845836624	0.00292094871396132	0.00212348697591701	0.000183379250993965	0.000625420724180424	0.000563204490794695	0.00144758062310782	0.000463056217839827	0.00407416167759628	0.00258367078362357	0.00112851531694931	0.00560932889997797	0.00123503068338974	0.00105349877274634	0.000395716084604419	0.000674173959879939	0.0006086458256703	0.000413668006092621	0.00149100369018206	0.00105010037686599	0.00544631028888824	0.00101858620421617	0.000396034349651837	0.00082501126333348	0.00345059625748852	0.00231151143180855	0.000996875001934708	0.00364914374081821	0.00120373546088494	0.00165644087641696	0.00227958017810195	0.0025372509439076	0.00193932089415272	0.000465023631759816	0.00131332566591852	0.000395837075674739	0.0024118825380121	0.00129586370587014	0.00184615720859958	0.00134820394977433	0.000572603958711613	0.00118803212758521	0.00143277122319196	0.00158662955636735	0.000566458672500605	0.000867566048904888	0.00150861779184008	0.000757042600575735	0.000928667302421624	0.00084065064416888	0.00143684741162446	0.00106279419346775	0.000101477077904538	0.000289321676330474	0.00246946877333985	0.00275082921914473	0.000866000111514818	0.00605139115587669	0.00391141593748363	0.00131326442546774	0.000945100456445219	0.00366811026889439	0.001767254855662	0.00119491333379983	0.00131892412405081	0.000351271009459243	0.00199239107820553	0.00189744399569321	0.000608497398670798	0.00213964471040075	0.00169043383536399	0.000407795395533503	0.00210742473929582	0.00127254532743762	0.000569042985284806	0.00127554571726789	0.00328262044763745	0.000457056763971816	0.00284402661221554	0.00031631905792564	0.000291626864077487	0.000690495352083664	0.000489972565239297	0.000705468313085446
Cadmium	0.000506004251502351	0.0016286995421825	0.00123014252119754	0.000234337597224319	0.000259880023428791	0.00593472205842402	0.000947575137695558	0.000613553274918228	0.000222014198597825	0	6.55394222883012e-05	0	0.00678564554879108	0	0.00472932865915043	0.00292511668029753	0	0.00105355880388943	0.000305114990572461	0.000280733333759302	0.000937842168718672	0.0010970502957093	0.00955173259453311	0.00055474826978324	0	0.00109176649138122	0.000276113333359572	0.00262969967134201	0.000363968946729246	0.00028458347724328	0.000164084365706819	0.00110475614625117	0	0.0015157488486954	0	0.000117967091071792	0.000309247117338219	0.000377365907309237	0.00018704353837926	0	0	0	0	0	0.000157269742562133	0.000687365119036424	0.000114014751909985	0.000628150762848304	0.000178036085155665	0	0	0	0	0	9.46378220033737e-05	0.000132692528925074	0.00147121599881338	0	0	0	0.000285974163766413	0.000296760852474504	0	0.000211454780673874	0.000797280627871064	0	0.000208150239384312	0.000411670882182678	0.000509279211126335	0	0.000157823529680514	0.000142090137678978	0.000432765225325316	0	0	0	0	0.000260577659267595	0.00050461322689282	0.00023290152834978	0	0.000453114765536352	0.000594777677834363	0.000500486855469501	0	0	8.16513105881465e-05	0	0	0.000375951209169257	0.000488717904948011	0.00076318651708332	0	0.0011913552070099	0.00046681329807329	0.000114831123800195	0	0.00080629223583408	0.000695133388200798	0.000201067747667092	0	0	0.00111279341900749	0.000849596011037601	0	0.0001006223794916	0.000159574907815931	0	0.000369056251451561	0.000517408966479089	0	0.000425938617581616	0.000758655254523967	0	0.000382417441329186	0	0.000287829539881551	0	0	0.000181896893038164
Chromium	0.000417859449284257	0.00169098612671782	0.00110366220710608	0.000872148332106717	0.000726986444188294	0.00386588980558571	0.00112372340379831	0.000341622907334306	0.000452880252414672	0	0.000330124000851118	0	0.00644184351437344	0.000192317988119102	0.00646149445846613	0.00323141319372342	0.000631066706954033	0.00167603025650327	0.000169920048960336	3.24784574960895e-05	0.00039072591157876	0.000820084503763605	0.00848194445811529	0.000228466691306934	0	0.00135662575801542	0.000105196127958308	0.000718149265362108	9.93558342966678e-05	0.00012608085508887	0.000252666648810387	0.000422755722787649	0	0.00112803798712857	0.000189658300346372	0.000415923703075255	0.000840305713765248	0.000714741139114183	0	0	0.000123314682971311	0	0	0.000240032615904719	0.000669054484953687	0.000441790524203376	0.000100333695164842	0.000668356026218064	0.00019546089349005	0	3.0016237547453e-05	0.000196089498145799	0	0.0001152602677515	0.000367129481909639	0	0.00188314959431196	0	0	5.73764630726239e-05	0.000242086844292285	8.5681631998413e-05	0	0.000638222571523821	0.000241540633549174	0.000160491798416527	0.000555842824592846	0.000372642785617805	0.000403580625762569	0	0.00021490653744355	0	0.00036240387304536	8.63023572073631e-05	0.000233851064802571	0.000252337387712695	8.66210002302627e-05	0	0	0.000516144300252098	0	0.000208795857687365	9.6427334506727e-05	0.000130624551637145	2.38497219957092e-05	0.000429020685597214	0.000390861661077846	0.000272351045653378	0	0.000429245602683146	0.000510573620952579	0.000547730125795504	0.000259508746494253	0.00171605357993558	0.000687790639518045	0.00014110301899644	0.000481517257626339	0.000307719550077005	0.000410143139697877	0.000176730969817696	0.000289577711402422	0	0.000755085970419741	0.000199082077782002	0	0.000285696843124522	4.56966800742113e-05	0	0.000660277637417786	0	0	0.000104456676575677	0.00106228183453204	4.28708391509544e-05	8.68944439150268e-05	0	9.66094520435763e-05	0	3.40069693235145e-05	6.01254927595756e-05
Cobalt	0	3.0184530511282e-05	0	2.08499183785443e-05	0	0	0	0	0	5.03774462633555e-05	3.45012523153189e-05	0	1.80378433409541e-05	0	0	0	1.89823078881619e-05	2.55993117232168e-05	4.90758367664589e-05	4.93831327133208e-05	1.41509872389155e-05	1.44255726400023e-05	0	0	1.48753326847214e-05	0	0	0	0	1.19360291344344e-05	0	1.58467145347926e-05	0	1.38327152754509e-05	1.45739503900639e-05	1.2021291662006e-05	9.67123092881668e-06	4.01530910027205e-05	0	0	1.29628662664946e-05	0	4.34538691158512e-05	1.05744567880238e-05	0	0	1.4102979208217e-05	0	1.03993040394664e-05	3.7337247187458e-05	1.12210233822254e-05	2.70264011415903e-05	3.34186765750604e-05	2.74196049026507e-05	1.4486936980858e-05	0	3.25976699407401e-05	0	6.93487650661333e-05	1.2714898611362e-05	1.08886982144061e-05	2.22329468407097e-05	0	2.96124575222312e-05	0	2.59518686325048e-05	1.63061828236267e-05	0	2.50788641264931e-05	1.37628124089949e-05	0	1.23233315669245e-05	0	0	1.26174579718123e-05	4.02676380196079e-05	0	9.82667021340334e-06	0	1.05156581553971e-05	4.86926460279252e-05	1.0928098698834e-05	2.99195093983489e-05	0	8.5071438271299e-06	0	0	1.37880902607612e-05	7.85050396668587e-05	0	1.21487320672127e-05	4.53785734770782e-05	0	0	1.07462762175401e-05	3.48857669563708e-05	3.55688423584105e-05	5.49685614680247e-05	1.31937704041526e-05	1.24352769995125e-05	0	2.71648088418195e-05	0	9.58326222583957e-06	2.04746773504483e-05	1.06863189774426e-05	0	3.32185588847714e-05	4.83739225153621e-05	1.55162408456304e-05	0	1.10442252208778e-05	8.26061076973868e-06	1.15390669864251e-05	2.59097807846319e-05	2.98916812161382e-05	0	2.30422293981987e-05	0	0
Copper	0.0823648092998041	0.109206067375116	0.207886633895735	0.0835402507514238	0.0910464003008157	0.135931533298497	0.0802282345970399	0.0678121537849175	0.0743727907880608	0.0510630126006531	0.0492438150027452	0.0584256695173551	0.0772655109868619	0.0811346143228705	0.132529155470443	0.0656579157417349	0.0597213141542758	0.0556273901825258	0.0735655151228456	0.067148163153152	0.0635047236790287	0.0674948880549372	0.100843694354875	0.0832785006263412	0.0538656256551658	0.0747843315379798	0.054687146022344	0.0812841726263286	0.0687142251470211	0.0671273450939111	0.0552973900236827	0.0790138877760092	0.0585592590941683	0.0964957576057979	0.0543465893260368	0.0658938727342211	0.0568807291159173	0.0613759484232784	0.076287190742773	0.0574052895810287	0.0753172130345119	0.051413184435169	0.0652749625302636	0.0557752020285091	0.0642163319203572	0.0783190843814011	0.0530309811456932	0.0624507838595117	0.0529365553234648	0.0718245062052149	0.0543021688904399	0.0569130856248936	0.0552157153027079	0.0532902296965508	0.0549785281631375	0.0639277790440607	0.0597788721084333	0.0534556527641018	0.0518223379991638	0.0539647086753559	0.055513888462432	0.0874794966970469	0.0518131982626349	0.0600431644834685	0.0496336107279907	0.0690802266374199	0.0531909992181475	0.0667110755274447	0.0581601818386846	0.0569375504859377	0.0665597563757962	0.0525497527071241	0.0564412570229026	0.0738069857555575	0.0678038887756217	0.0573138804982491	0.0534671036511233	0.0676494092375234	0.0763996819257655	0.056392414016054	0.050899475876969	0.0673890161181474	0.0554122944343458	0.0551639283881394	0.063129784961382	0.0601544210988595	0.0524738595944468	0.0564413517279038	0.0485626603595269	0.0511625983189935	0.0648324249128087	0.0606980663933936	0.0599986384695668	0.0640269872058449	0.0522745758773612	0.0658301503118728	0.0537992110224062	0.068700913860798	0.0634373211898331	0.0614322659170516	0.0773331755250757	0.0549120718096654	0.0518539919179878	0.0522907365825036	0.0498170566440258	0.0533719179807562	0.0534192016408595	0.0519492395554494	0.0501457005143103	0.0610551007374569	0.0560081713638497	0.0486911293035849	0.0567399029833005	0.0502865356869792	0.0495067022676466	0.0506860649652219	0.0507828499509541	0.0499228840836499	0.0561016504189528	0.0511166776162349
Gold	2.67613797931014e-05	0	0	3.41595090022524e-05	1.52564317761012e-05	0	3.07525965857162e-05	1.2608480522421e-05	7.28865124808472e-06	1.07024701172965e-05	0	0	5.85417778193618e-05	3.10382792693886e-05	0	4.99111797626395e-05	2.55940992111252e-05	6.81536178223557e-06	0	1.91437003571555e-05	2.65137753919656e-05	0	4.96487595582823e-05	1.15685928273721e-05	2.26302454587468e-05	1.42111086281489e-05	5.3559572257717e-06	6.62944073796965e-05	1.217226690317e-05	6.35551124764787e-06	3.17654889592044e-05	2.02272292889833e-05	1.83715758770755e-05	6.5568933629945e-05	1.86961736834338e-05	0	2.62572333113684e-05	4.3336470282253e-05	5.64441280339772e-05	4.01781773895891e-05	0.000112690049330934	0.00014871196041416	4.12834872596344e-05	2.40848467105315e-05	1.39638727045258e-05	4.68435846011274e-05	1.28731459502492e-05	0.000100269242380999	8.88492879947468e-05	2.51711544880711e-05	5.76876864778635e-05	4.34815718996286e-05	0.000110361596471263	0.000124745279014118	8.74614942685207e-05	1.39327797080047e-05	3.55893490443062e-05	2.96609923742732e-05	4.98479955618978e-05	6.16229239876184e-05	5.0800163612613e-05	6.2143667077522e-05	5.87587811585604e-05	5.29051437599147e-05	5.70726788287227e-05	7.26455530289223e-05	4.79199337835657e-05	0.000127933010780302	3.56096099161011e-05	1.44237752798219e-05	3.16694229700141e-05	3.51521572836145e-05	3.09804423392663e-05	0.000122647029857891	0.000125317754373118	5.12817725367022e-05	4.12651143555821e-05	6.38646008705335e-05	2.78537138651941e-05	8.19085046993279e-05	7.129257171348e-06	0.000137435083920502	9.6518734823795e-05	9.47884810140656e-05	6.41930526815315e-06	2.44088098053405e-05	0.00013117790576006	8.74008091173841e-05	1.26066939686196e-05	4.73839041337936e-05	3.67590308504463e-05	5.27370075883561e-05	5.6485166431051e-05	9.31449202146788e-05	5.4931297048294e-05	3.98545633087009e-05	9.9168230588555e-05	5.32374242074537e-05	4.49987114399053e-05	5.16787745562911e-06	3.74534083238723e-05	6.27191284823474e-05	2.91399318447612e-05	0.000120799713013325	6.49098294366772e-05	2.53615217589772e-05	0.000120517955107569	3.87900179604367e-05	1.30120169898112e-05	1.62614126018818e-05	9.02116303139328e-05	2.7843112411957e-05	0.000104818842207441	3.7450014560682e-05	3.90642591466336e-05	8.17550947385151e-05	0.0001432933370216	0.000240181687396567	2.58609532458845e-05	6.42858349126078e-06
Iron	0.0247664827702484	0.0384268619255337	0.136134938547931	0.0288295450186393	0.0202176926025007	0.0583433738445201	0.0246939733020889	0.0155708646696535	0.00470933929464751	0.00197190769766429	0.00137942101592407	0.0105299747784686	0.00804459958269693	0.0173079338667015	0.0492381171329865	0.00777686633604131	0.0062421675310151	0.00635204842525346	0.0182456045757732	0.0185455861658268	0.00819537906961558	0.0137771058944627	0.0145077333257856	0.0155475085665268	0.00599233286148305	0.00846969895631764	0.00650430449124608	0.013834520965489	0.00182023861150903	0.0164329309291473	0.0031774485504229	0.0282059893271783	0.00527463774481023	0.0321930964295306	0.00218993752329231	0.011978151710879	0.00338521117649406	0.00783235763150194	0.01495071024908	0.00164050104674613	0.0090803828448692	0.000516122141846397	0.0106506843076793	0.00294241003685812	0.00619071179514622	0.0174253877346373	0.00338114034452317	0.00366662470232128	0.00237008285473369	0.0126829784647595	0.00412191628241095	0.00235128541773015	0.00144499518584839	0.000772950119108099	0.00159875060567242	0.00291471523979631	0.00180369647219887	0.000887209197039351	0.000988252945603418	0.00125328377790301	0.00325073190373514	0.0282953251228476	0.00398331503571715	0.00597580028173743	0.00161561906525226	0.0108096463345466	0.00137486261630103	0.0104090240620718	0.00581544766880053	0.00324274268912923	0.00921267816338197	0.000394816870042363	0.00197814570620825	0.0137761806201181	0.0108187360566058	0.00169234664629654	0.000526292162805726	0.006366386821655	0.0120978390564683	0.000812589380892035	0.000967424963075395	0.00262753263930988	0.000753097250085751	0.00163780009119835	0.00422909463134162	0.00381623558659927	0.00122714653481337	0.0029756207314951	0.000561230735613424	0.000880211133045565	0.00438677486298766	0.00501765693283308	0.0058421446838518	0.00212054200832355	0.0014953802487254	0.00931665373970624	0.0031261998740012	0.0157296012776604	0.00889777536007012	0.0074431463842921	0.00936982340088264	0.000870044474142187	0.00112730865734546	0.00148246940009744	0.000826253559320912	0.00180872601597151	0.000939016745008616	0.00106371191396903	0.000985805209295416	0.0071870204354942	0.00328113215150654	0.00243770513451629	0.00173770690863088	0.00143038681612237	0.00121170447541795	0.000968271044663941	0.00108131285443418	0.000484574995034789	0.00253676633088991	0.00108282861673262
Lead	0.000192313979246835	4.55925109528537e-05	0	0.000282481366487569	0.000101730230782382	6.78327455810471e-05	0.000190791372151665	0.000140804639880909	8.15027313471395e-05	0.000115687070391383	0.00014629481808659	0.000224962014038151	0.000245315672793579	4.19744826992313e-05	5.06696973574188e-05	0.000241280304200147	0.000122018940317396	0.000303716489935826	0.000382217259253259	0.000272466335736425	0.00021304501913106	0.000181241259893005	5.11798770252829e-05	2.70253109614117e-05	0.000408622503146461	7.31491803020797e-05	0.000215696262368296	8.2331004639761e-05	3.21445346253925e-05	0.0001528510113891	8.99321970342054e-05	0.000345962333243056	0.000143212482831353	0.00019977116099965	0.000322506146104219	0.00030939498506661	9.92281142337394e-05	0.000175012557485232	0.000195279932345336	0.000148722424068444	7.77459087209774e-05	8.71824900895905e-05	0.000133604748149998	0.000156580611884597	0.000248582462586546	0.000120127938172296	0.000349082566079402	0.000237863205605886	0.000224606225077485	4.11773513117957e-05	0.000222916324593919	0.000204664276898107	0.000230534699079289	0.000215771487701066	0.000124367600880529	0.000106639363748015	0.000199139052873276	7.63705589010933e-05	6.61932916945258e-05	0.000234978964825245	0.000120446173414973	0.000219518574213706	6.82163543603633e-05	0.000142152340134157	0.000191850928954885	0.000203758129248249	6.39126308664389e-05	0.000237405032351498	0.000103633596941089	0.000189222880997429	0.00014435223465647	0.000284678213262213	0.000120447186302328	0.000134190221911176	0.000142658714422223	0.000185458807096178	3.73446644591341e-05	0.000148756355067301	2.84334563977634e-05	9.80127777407672e-05	0.00018709281042049	7.69781290322621e-05	0.00017262785892168	0.000132129625306706	2.5154740576e-05	6.38674441496939e-05	0.000188756259732605	0.000120635723382846	6.83357385335422e-05	0.000120066616610313	0.000149677244642856	0.000226721630708301	5.42639440435971e-05	4.29100272679948e-05	0.000351719299261135	0.000166862988707107	0.000254884447370987	0.000253807490290478	0.000201177253228287	0.00016596135336063	0.00010714924805213	9.21229604715564e-05	0.000245070280012513	5.22513108487355e-05	0.000238281300968368	9.78861468486949e-05	0.000133595588216959	0.000230482616104097	0.000270390668813081	0.000132638937441547	0.00010951423392319	0.00043387928920879	0.000209448010071605	0.000121819716155603	0.00015070196781258	0.000133287240466575	0.000162216822104708	5.49463537960842e-05	4.40698218589009e-05	7.80924047136134e-05
Mercury	0	0	0	0	0	0	0	0	0	0	0	0	0	0	0.00010102112867568	0	0	0	0	0	0	0	0.000470930118590826	0.00115484363736606	0	0	0	0	0.000177686584597175	0	0	0.000165604457301519	0	0	0	0	0	0	0.000675439584895105	0	0	0	0	0	0	0	0.000183572398425407	0	0.000300669332623029	0	0	0	0.000158571990843967	0	0	0	0	0	0.000361125030991085	0	0.000178330210552263	0	0	0.00107841059063222	0	0	0	0	0	0	0	0	0.000496516079142278	5.16891123380998e-05	0	0	0	0	0	0	0	0	0.000148349745394965	0	0	0	0	0	0	0	0	0	0	0.000179254212288654	0	0	0	0	0	0	0	0	0	0	0	0	0	0	0	0	0	0	0	0	0	0.000127808587018054	0	0	0	0
multi-metal	0.0257352279189094	0.044059038525845	0.036179479534792	0.0297133427901315	0.0475261630922293	0.110277914138117	0.0302292524380053	0.0222699744680668	0.0330799958338956	0.01757498782478	0.0199003716189748	0.0176282904992287	0.13292352990443	0.024822944391357	0.0949834919465378	0.0701543149303846	0.0238986736012506	0.0441346833502047	0.024657189242266	0.0194216750760916	0.0298410177995202	0.0295131899037977	0.182014863370583	0.0349845761845484	0.019346942593324	0.0472061976116368	0.0195548931398291	0.0439725570802174	0.0332684767537869	0.0184670557498799	0.0191049402753693	0.0201341461327122	0.0187376308443036	0.0416092339616474	0.0229504641533331	0.0203096687365472	0.0218576059850204	0.028451709571975	0.0185211509479559	0.0189265700098209	0.020628883397925	0.0186358812806234	0.0179958320843133	0.0199461297109606	0.0350985997553213	0.0236674047948229	0.0192980093994497	0.0370131718777289	0.0219300011206451	0.0172244914037982	0.0187325032145778	0.0189780847880882	0.0228196290553152	0.0208229947540871	0.0225724685660528	0.0308407270045044	0.0461620908768626	0.0198802014312242	0.0177239575651946	0.0191437767606611	0.0278138618013741	0.0188723407745394	0.016319133612537	0.0264296358957172	0.0242377046117253	0.0204896890536593	0.0236520650224693	0.0228579531323849	0.0254100985322084	0.0185656661345296	0.0194989766199939	0.0166182946754957	0.0238532998937837	0.0215482607497195	0.0195991832353893	0.0184438047358975	0.0209160699323275	0.030156672448982	0.0296070166687564	0.02742892221898	0.021535878045615	0.0385309000897373	0.027084527686146	0.023904782574132	0.03749252304286	0.0181412907024718	0.0209599967346009	0.0224935381738078	0.0179300941311156	0.0253819179329889	0.0221050006810544	0.0258240811080764	0.0182744992694168	0.0408384892855577	0.0327078727697421	0.0189168214092799	0.0190963488381107	0.0242293264814475	0.0228327194551681	0.0217035396760771	0.0297526986564792	0.020209133644456	0.0247545863020668	0.0225763850995465	0.0167734974222532	0.0234407865631894	0.0238858416062882	0.0213932025464734	0.0238932726309795	0.0194419992892137	0.0184859173529492	0.0217602626465321	0.0323796278802572	0.0187413985013693	0.0245291826952914	0.018323062987489	0.0195352472990209	0.019033172080736	0.017464905449224	0.0181970836968247
Nickel	0.00223546929129252	0.00732759750585934	0.00727694335697832	0.00395328931589305	0.00680851979898174	0.0257171232854722	0.00307515973313536	0.00244136685203568	0.00252516634397287	0.000741640959911419	0.00116477854002769	0.000367224598226807	0.0209718410488365	0.00147668869453975	0.0228171680440189	0.0131621506699919	0.00177304952663858	0.0052923941135811	0.00183877451234924	0.0014625457762396	0.00363014246596709	0.00253031480686775	0.0373460612032724	0.00188699981246046	0.000457045158541215	0.0042065072003873	0.00100526149926257	0.0053452603075178	0.00232512843201604	0.000748786363937693	0.00122186846754587	0.00256853728783818	0.000278139203356137	0.00409757391652756	0.000497213156396233	0.00146349160689882	0.00202159924607583	0.00225116039915244	0.000879904587668952	0.000366267889095509	0.00128058181871895	0.000678609215431497	0.000462452816904097	0.000311701499539473	0.00312982753350403	0.00184203736787245	0.0011864870553496	0.00459039120900501	0.00026255562517051	0.000209014895696987	0.000818437872523008	0.000848421471033557	0.000800585256337875	0.000270344741464244	0.00179089232852101	0.00107842722690801	0.00501896432819613	0.000722180770189845	0.000291151362683822	0.000970495329861398	0.00200928740995839	0.00135307511261651	0.000696495926150138	0.00238118781772926	0.00153542979350548	0.00170563396005219	0.00217321094686603	0.00199539840124321	0.00114113718964756	0.000393328239252793	0.000904723530713145	0.000750163060207734	0.00204615781475373	0.00183076138169127	0.000857351333782599	0.000685911332124938	0.000565415935395304	0.000521436635946337	0.00116486103227331	0.000740205793892874	0.000388702386373284	0.00191143597322331	0.00132767807115483	0.00117051044287304	0.000942557829859532	0.00107655235237961	0.000999393315125525	0.00101397825680424	0.000649148331917661	0.00141657263608207	0.00198943365965373	0.00216606496173592	0.000536339370464812	0.00540468795577132	0.00309908068075175	0.00147110979014308	0.0011178113110899	0.00266535887212364	0.0015212425462035	0.000771232218246745	0.00107624265285718	0.000437882842662993	0.00218154576603762	0.00174833414554151	0.000746572106134956	0.00115745951313574	0.00165571243013768	0.000439898904288616	0.00120854211980871	0.000636349705477759	0.000564925749418283	0.00136564974161289	0.00291229519531526	0.000361434151611123	0.00124725010108631	0.000488351570199294	0.000442917180138242	0.000713883387962588	0.000963199040478613	0.0014589185715284
Selenium	0.000269000129868917	0.0010860279242559	0.00108656497568415	0.00120614149665347	0.000994497196338673	0.00664195512316515	0.00106721398909489	0.00033461253454022	0.000330897419897647	0	5.32293664962865e-05	0	0.00520001938907541	0.000126013477747079	0.00495917115726126	0.00141949924233209	0.00077762445396652	0.00145056644222473	0.000233495370451105	0.000243361897539451	0.000876007071196563	0.000905041424143593	0.00791986751450527	0.000439192290639309	4.02038622366208e-05	0.000859888991307776	0	0.00107297909002062	0.000213753988966139	0.00011624591481048	0.00013923275303666	6.42840309069688e-05	0	0.00136169476456696	3.31441689925699e-05	0.000115905530256945	0.000410289567215656	0.000511210778206882	5.5590510713075e-05	0	0	0.000269600477651771	3.68739874859581e-05	0	0.000622154668342495	0.000504692076202042	0	0	0.000117970512736642	0	8.10872809929407e-05	3.32511631335316e-05	0	0	5.82179437332438e-05	0	0.0016674777712937	0	0	0.000523769178933301	0.000705126330261813	0	0.00012120542403418	0.000198797313478869	0.000287418195282674	0.000206819475694187	0.000246654665543559	0.000525589679045416	0.000293940899511237	0	0.00026994718778121	0	0.000308509394114727	0	0	0.000276179943470843	0	0.000639371024550345	0.00023246667267357	0.000131088398752717	0	0.000422312660784842	0.000226442949865528	0.000100776102894517	0	7.8472832451755e-05	0	0.000154095670859837	0	9.12901407774163e-05	0.00020298015042072	0.000279021517977213	0.000199814957526035	0.00147649250302435	0.00085885738030388	0.000257822011612217	0.000141390905451875	0.000686070512776864	0.00035080245581348	0.000191691531454636	0.000129926306376606	0	0.000312411404817007	0.000209063982732636	0	0.000180175025677787	0.000740387706634552	6.99498648780609e-05	0.000427186054706057	0	4.47166928038419e-05	0	0.00128792803088699	0	0.000228974256356399	0	0	0.000123626201517997	0.000163423486883258	0.000108646181673905
Silver	9.06437331444815e-05	8.32790209308e-05	1.93555998655646e-05	4.86330417188339e-05	9.93793649269851e-05	0.000175863294729991	2.42715042377124e-05	1.20389514943801e-05	4.37947182056689e-05	2.09025740010964e-05	4.36480805269549e-05	9.56739957079727e-06	0.000150228578645636	0	0.000557798962202303	7.22525019638172e-05	3.13944470992373e-05	4.23333685837102e-05	2.4958164105948e-05	5.5290996163059e-05	4.61769126267577e-05	1.9590201338638e-05	0.000258306057451798	1.39572070157534e-05	1.0865401528661e-05	8.47744696265493e-05	1.76711088733977e-05	3.97608692424785e-05	0.000134447513452237	1.1624591481048e-05	0	3.74995222455678e-05	1.53165599291265e-05	5.44976888412325e-05	3.95888685189029e-05	9.36610345510665e-06	6.76611244857336e-05	4.28869670970587e-05	5.45481886372048e-05	8.66995278158406e-06	2.77741995066701e-05	4.08554560874069e-05	1.58916146068124e-05	1.41237196766531e-05	0	0	0	5.64380170829475e-05	1.42601718692645e-05	3.33684321487569e-05	1.38675620406713e-05	0	4.77287090372704e-05	5.222148053466e-05	7.26613267204989e-05	0	1.43895585568562e-05	0	0	3.36167775539796e-05	3.42239459341098e-05	6.31235324260153e-05	2.32790903005453e-05	1.39022637116599e-05	2.86093490546759e-05	3.62875614258523e-05	4.75067350375623e-05	3.79060551835815e-05	2.14975853711939e-05	1.87651938610507e-05	9.44259710345796e-06	0	2.2311840110083e-05	0	5.23127944984231e-05	4.9486150186593e-05	5.31301851783564e-05	3.18498600392483e-05	8.99047527773306e-06	5.19525339102609e-05	0	0.00012859295730159	2.75239187815318e-05	0	3.83177255312941e-05	9.28945774434564e-05	8.76577736896643e-05	0	3.39807412797487e-05	2.19558566426697e-05	4.84188303281795e-05	5.01001722119297e-05	8.1128437362559e-06	1.91376890554274e-05	4.07024271169552e-05	0	0	4.01130314979211e-05	1.68601702042028e-05	4.32444634609498e-05	0	2.08535673815324e-05	3.96079540343405e-05	5.54802037834748e-05	2.39285367578661e-05	4.76043316057874e-05	5.2390356390907e-05	0	1.1197572713956e-05	0	3.25848176796065e-05	5.10144404576711e-05	7.73073058357445e-05	1.83086729062076e-05	2.08838855795186e-05	2.68723758505798e-05	3.18847707582045e-05	8.62892882779867e-05	3.38258647765036e-05	1.5089747454709e-05
Tellurium	0.000268945249552559	0.00101026220311769	0.000426538376233699	0.000629718433079211	0.000790148597593269	0.002408127737221	0.000427498106014333	5.5189928204824e-05	0.000177604448368174	0.000210312796650846	0.000226723105222851	0.000271663198791627	0.00613373424296122	0	0.00192506343773166	0.00173601806100634	0.000243950109918778	0.000739291400556163	0.000394326939215177	0.000236959767729854	0.000616407465924236	0.000650826218323858	0.00640758231531461	0.000175968531823048	0.000181479618666292	0.00035256398589057	8.29798827531273e-05	0.00151376856313354	2.96302297712144e-05	3.99110974182649e-05	0.000144667715764845	0.000636925665887168	0	0.00142645561082763	0.000101565647180024	0.000134154797457754	0.000742613037318707	0.000563992206610732	0	0	0.000114694272805363	5.13282192735251e-05	0.000139368308535469	0	0.00107554688431425	0.00066658574336585	0.000139284220290154	0.00139533444001942	0.00013556047093071	0.000262725091850349	0.000309816644071317	0.000131244015574857	3.78097955047031e-05	0	0.000684773437024369	5.19035402257943e-05	0.00128989508221991	0.000198293518029918	0.000158004327874595	0.000116172065526733	0.000295888975053737	9.80574284061211e-05	0.000181517383155465	0.000676954630726299	0.00023108223968241	3.53417265559019e-05	0.000343724724236495	0.000498657662315563	0.000207550218669932	7.54206898767231e-05	0.000110472465103018	0.000274538884585245	5.6743692131816e-05	0.000146206346327768	9.94469734340829e-05	7.99540936348091e-05	0.000316731115524807	0.000421726391236691	6.94514215204879e-05	0.000459756958476254	0	0.000721276237874512	7.01289705503469e-05	0	0.000198603139527905	0.000158932091868468	0.000117045757062401	9.6108355040957e-05	3.40279367537484e-05	0	0.000407717066878589	0.000360806907660935	0.000130807286238785	0.00136637488946265	0.000979915620308548	0.00033389001065029	0.000219662554194941	0.000595542072762164	0.000755386958677976	0.000175246415861423	0.000128573948267881	6.54527080687773e-05	0.000533682248118627	0.00235585913998043	2.98141849120187e-05	0.00144878864539997	0.000385890222512241	0.00073137869243376	0.00030947776864239	0.000271643880840887	0	0.000102826039751264	0.00220788788476022	8.03438499179022e-05	0.000308933836135368	0	0.000119554196903926	9.94160703873896e-05	0	0.00024463668113214
Tungsten	7.25094443215213e-05	0.000108734916929531	0	5.68836019539006e-05	4.68984135308472e-05	2.87128436741135e-05	0.000198117131655591	0.000157779602577871	2.10050455275606e-05	2.76989664833242e-05	6.4411255793828e-05	0	0	0	0	0.00016223666250597	8.26288696308224e-05	0	0	9.33787453168902e-05	0.000189097134533713	2.74755344116002e-05	0	0	0	7.57104141431122e-05	0	0	0	0.000179122532910682	2.74468393545952e-05	2.68958990850625e-05	0	4.08566581102296e-05	0.000126438866897581	0	0	5.33314391421436e-05	0	0	0	0.000115813191108812	2.4883495051713e-05	1.76332500205487e-05	2.29955758355312e-05	3.17755003471412e-05	0	0	0	0	0	4.2741464242306e-05	5.50829020826412e-05	7.17493357725705e-05	0	0	5.38042577693211e-05	0	0	0	5.44952561383791e-05	3.46814997476094e-05	2.29018920098149e-05	0	0	0	0	2.45281040324677e-05	0.000294593323927128	0	4.24081757200963e-05	0	0	7.31614691552428e-05	5.0576973138758e-05	0	2.97149555490291e-05	0	0	0	2.13675179425345e-05	0.000240115976128768	0	5.93088765201312e-05	0	2.06512593384184e-05	0.000140782492663568	8.59746886888953e-05	0	2.08083661593208e-05	0	1.91473291000343e-05	0	0.00010528944849707	6.65703532002352e-05	0	5.10991693387476e-05	0.000125753902138911	2.85111403286799e-05	0	0	0	0	0	2.37216203184982e-05	0	7.45030800731459e-05	2.5191734553987e-05	1.96716696151708e-05	0	0	4.69269239967018e-05	6.79911809509261e-05	0	0.000106712474983366	0	0	0	3.66908360333623e-05	1.97615255923081e-05
Vanadium	0	0	0	0	0	0	0	0	0	0	0	0	0	0	0	0	0	0	0	0	0	0	0	0	0	0	0	0	0	0	0	0	0	0	0	0	0	1.15805410708655e-05	0	0	0	0	0	0	6.9026953003682e-06	0	0	0	0	0	0	0	0	0	0	0	0	0	0	0	0	1.17553259473041e-05	0	0	0	0	0	0	0	0	0	0	0	0	0	0	1.30726256564279e-05	4.43879001802875e-05	0	0	0	0	0	0	0	0	0	0	0	0	0	0	0	0	0	0	0	0	0	9.0830665817388e-06	0	0	0	0	0	0	0	0	0	0	0	0	0	0	0	0	0	0	0	0
Zinc	0.0050392711364082	0.0100405784387036	0.00969292686958003	0.00739497771495057	0.009248414141632	0.0285298542784489	0.00759270397837236	0.0055620327379109	0.00585074578540276	0.00315536619318299	0.00363540125725119	0.00385809012644337	0.0350300178656318	0.00558461830637273	0.0246328645380765	0.0202656495289014	0.00524888643912063	0.0110808345888114	0.00515185247890961	0.0046957929375027	0.0077899156253598	0.00736090202406027	0.0471322662756992	0.00688299906168523	0.00444485460131355	0.0113072267912093	0.00361670202392781	0.0106416375855473	0.00609503716867097	0.00409477863408174	0.00437645069854883	0.00446915653195065	0.0034153641429154	0.00895473331728414	0.00430363691166874	0.00455208143474705	0.0053159974447073	0.00519590064497018	0.00416429775188235	0.00237441106844983	0.00538651021055276	0.00291208924326131	0.00346316744035786	0.00330307323887026	0.0083199635755327	0.00612753116352065	0.00335431247838032	0.00921811614377045	0.00338362622642505	0.00317924392897101	0.00445982325250282	0.00272887362333683	0.00349850883414435	0.00251068343630031	0.0047590469980936	0.00576594228252134	0.00912289851258252	0.00458327422368534	0.00364868387514875	0.0036231815617498	0.00379905108513903	0.00335429305901908	0.00336241837929195	0.00568981590189938	0.00450532978174804	0.00440673317671986	0.00672602992714158	0.00516812578322228	0.00559817803803702	0.00305700981159964	0.00330477162939687	0.0027301389513003	0.00435719514496819	0.00436613595846482	0.00370173470796417	0.00502256708109225	0.00280779521845816	0.0077382049617418	0.00542579700500611	0.00500119164219899	0.00305239533171795	0.00672372838166661	0.00419756742198574	0.00414951375880528	0.00843165749900972	0.0042304565499483	0.00449379936143582	0.00311046115289159	0.00284654629801558	0.00530283519747202	0.0041495185672032	0.00640514941836594	0.00353277711624039	0.011763505597503	0.00886268171206765	0.00431171707256156	0.0045871449241479	0.00685645405075328	0.0040882281756284	0.00506978649204173	0.00601020508366886	0.00319835113753913	0.00505980752887931	0.00475017823929309	0.00403999556281524	0.00634741916709262	0.0042095858882804	0.0031034730468948	0.00505960648066028	0.003271212888942	0.00273437016984746	0.00521895240234825	0.00592490092193523	0.00361015446916364	0.00503549232171353	0.00313695514383964	0.00261385481574937	0.00286889529466993	0.00214817822103782	0.00327956349032822
